type;area;Q4_09;Q1_10;Q2_10;Q3_10;Q4_10;Q1_11;Q2_11;Q3_11
Parcel- og rækkehuse;1000 København K;0;0;0;0;0;0;0;0
Parcel- og rækkehuse;1500 København V;0;0;0;0;0;0;0;0
Parcel- og rækkehuse;1800 Frederiksberg C;0;0;0;0;0;0;0;0
Parcel- og rækkehuse;2000 Frederiksberg;25.566;32.509;33.460;31.957;35.141;37.246;38.408;24.380
Parcel- og rækkehuse;2100 København Ø;27.498;26.227;26.740;30.892;32.960;32.200;36.079;37.624
Parcel- og rækkehuse;2200 København N;0;0;0;0;0;0;0;0
Parcel- og rækkehuse;2300 København S;20.809;22.471;23.514;24.130;23.850;23.572;24.537;23.618
Parcel- og rækkehuse;2400 København NV;0;0;23.174;23.246;25.072;21.750;26.686;22.933
Parcel- og rækkehuse;2450 København SV;0;0;0;0;0;0;0;0
Parcel- og rækkehuse;2500 Valby;22.972;22.906;26.272;25.997;22.963;22.420;24.368;23.869
Parcel- og rækkehuse;2600 Glostrup;17.735;18.039;18.068;18.703;17.917;17.727;16.500;17.539
Parcel- og rækkehuse;2605 Brøndby;17.922;17.010;18.057;18.845;17.821;17.318;19.414;18.055
Parcel- og rækkehuse;2610 Rødovre;17.522;18.575;19.185;19.087;20.774;18.165;20.142;18.359
Parcel- og rækkehuse;2620 Albertslund;15.393;16.531;16.077;14.905;16.199;15.806;15.680;15.007
Parcel- og rækkehuse;2625 Vallensbæk;18.096;18.461;19.127;17.944;18.119;20.939;19.313;17.012
Parcel- og rækkehuse;2630 Taastrup;16.407;17.146;17.034;17.864;16.838;16.054;16.916;17.182
Parcel- og rækkehuse;2633 Returpost;0;0;0;0;0;0;0;0
Parcel- og rækkehuse;2635 Ishøj;15.648;13.968;15.381;16.471;16.576;15.061;15.589;14.671
Parcel- og rækkehuse;2640 Hedehusene;15.124;15.996;15.838;15.427;15.452;15.949;14.711;14.408
Parcel- og rækkehuse;2650 Hvidovre;17.142;19.088;19.285;19.367;18.225;19.620;19.829;17.555
Parcel- og rækkehuse;2660 Brøndby Strand;15.553;16.571;18.150;19.120;20.114;17.281;18.321;16.274
Parcel- og rækkehuse;2665 Vallensbæk Strand;19.550;18.672;19.982;20.006;18.903;20.023;19.134;18.722
Parcel- og rækkehuse;2670 Greve;17.836;16.774;17.471;17.481;15.896;17.561;16.838;16.779
Parcel- og rækkehuse;2680 Solrød Strand;17.103;18.407;19.936;20.504;19.369;20.885;18.752;18.548
Parcel- og rækkehuse;2690 Karlslunde;15.217;17.945;17.536;17.449;17.099;17.357;16.152;16.556
Parcel- og rækkehuse;2700 Brønshøj;21.370;22.188;22.556;22.418;21.134;21.783;23.905;21.050
Parcel- og rækkehuse;2720 Vanløse;21.738;22.994;24.080;23.390;24.884;22.931;25.244;26.489
Parcel- og rækkehuse;2730 Herlev;17.651;18.686;19.337;19.358;20.200;20.445;19.723;19.838
Parcel- og rækkehuse;2740 Skovlunde;19.345;18.110;20.310;18.673;20.470;19.563;19.653;18.806
Parcel- og rækkehuse;2750 Ballerup;18.538;17.352;20.522;18.394;19.479;20.297;18.822;18.329
Parcel- og rækkehuse;2760 Måløv;18.290;17.764;18.666;20.986;20.154;24.536;20.864;0
Parcel- og rækkehuse;2765 Smørum;18.947;17.559;19.004;19.155;19.011;18.492;19.667;19.639
Parcel- og rækkehuse;2770 Kastrup;18.456;18.384;19.213;19.485;19.799;19.511;19.802;19.296
Parcel- og rækkehuse;2791 Dragør;20.254;20.610;21.468;21.111;22.174;20.472;20.708;20.589
Parcel- og rækkehuse;2800 Kongens Lyngby;23.438;24.611;24.786;26.100;26.696;24.983;26.091;23.225
Parcel- og rækkehuse;2820 Gentofte;27.016;27.389;27.344;29.202;28.676;30.342;27.329;27.446
Parcel- og rækkehuse;2830 Virum;24.242;25.623;25.496;25.829;27.027;26.413;26.374;25.077
Parcel- og rækkehuse;2840 Holte;27.484;27.365;28.085;27.937;30.154;29.622;28.334;26.000
Parcel- og rækkehuse;2850 Nærum;0;0;24.570;24.839;23.468;25.131;24.032;22.686
Parcel- og rækkehuse;2860 Søborg;21.453;20.782;21.682;21.952;23.898;24.788;23.787;22.679
Parcel- og rækkehuse;2870 Dyssegård;22.422;25.357;25.397;25.349;26.705;27.609;26.066;27.903
Parcel- og rækkehuse;2880 Bagsværd;20.026;21.713;22.649;21.096;22.359;23.347;24.560;22.818
Parcel- og rækkehuse;2900 Hellerup;28.067;27.876;31.181;34.982;31.089;29.815;29.404;27.512
Parcel- og rækkehuse;2920 Charlottenlund;32.058;35.024;37.558;34.032;34.740;36.152;35.083;31.895
Parcel- og rækkehuse;2930 Klampenborg;35.490;37.136;38.918;39.560;36.139;37.630;40.839;34.463
Parcel- og rækkehuse;2942 Skodsborg;0;0;0;0;0;0;0;0
Parcel- og rækkehuse;2950 Vedbæk;25.904;28.081;32.109;28.605;29.295;36.595;27.785;23.613
Parcel- og rækkehuse;2960 Rungsted Kyst;28.082;29.653;26.550;32.599;37.433;30.207;40.589;33.257
Parcel- og rækkehuse;2970 Hørsholm;21.554;21.680;22.667;22.498;23.807;23.680;23.638;21.553
Parcel- og rækkehuse;2980 Kokkedal;15.636;17.395;15.074;17.532;16.460;17.449;16.477;15.444
Parcel- og rækkehuse;2990 Nivå;19.481;15.312;18.214;17.996;19.080;18.802;19.002;17.992
Parcel- og rækkehuse;3000 Helsingør;16.419;16.719;15.926;18.533;15.396;15.839;16.605;15.659
Parcel- og rækkehuse;3050 Humlebæk;18.912;24.892;24.023;24.588;22.102;29.002;21.250;19.094
Parcel- og rækkehuse;3060 Espergærde;21.258;20.628;21.762;20.566;21.643;21.154;18.995;19.627
Parcel- og rækkehuse;3070 Snekkersten;0;19.516;24.419;18.508;18.839;20.676;19.506;26.119
Parcel- og rækkehuse;3080 Tikøb;0;0;0;0;0;0;0;0
Parcel- og rækkehuse;3100 Hornbæk;0;0;18.023;22.718;23.172;21.629;18.610;25.922
Parcel- og rækkehuse;3120 Dronningmølle;0;0;0;0;0;0;0;0
Parcel- og rækkehuse;3140 Ålsgårde;16.873;18.514;17.335;19.731;17.918;20.503;15.342;16.961
Parcel- og rækkehuse;3150 Hellebæk;0;0;0;0;0;0;0;0
Parcel- og rækkehuse;3200 Helsinge;13.529;13.554;13.991;13.796;13.514;12.763;13.867;11.011
Parcel- og rækkehuse;3210 Vejby;0;0;9.953;0;0;0;0;0
Parcel- og rækkehuse;3220 Tisvildeleje;0;0;0;0;0;0;0;0
Parcel- og rækkehuse;3230 Græsted;12.882;11.004;13.086;12.192;13.250;13.076;10.599;11.177
Parcel- og rækkehuse;3250 Gilleleje;14.459;14.577;15.636;15.545;20.817;15.628;16.226;15.078
Parcel- og rækkehuse;3300 Frederiksværk;12.400;11.033;11.672;11.149;10.410;10.201;10.611;11.138
Parcel- og rækkehuse;3310 Ølsted;0;0;0;8.553;0;0;0;0
Parcel- og rækkehuse;3320 Skævinge;12.760;12.223;14.541;15.053;16.018;14.212;13.692;12.050
Parcel- og rækkehuse;3330 Gørløse;0;0;0;0;0;0;0;0
Parcel- og rækkehuse;3360 Liseleje;0;0;0;0;0;0;0;0
Parcel- og rækkehuse;3370 Melby;0;0;0;0;0;0;0;0
Parcel- og rækkehuse;3390 Hundested;11.240;13.406;11.116;10.809;11.852;9.781;9.138;9.757
Parcel- og rækkehuse;3400 Hillerød;16.301;17.573;17.602;18.361;18.079;18.250;18.035;17.405
Parcel- og rækkehuse;3450 Allerød;18.111;19.312;19.796;21.920;20.604;18.891;20.397;18.639
Parcel- og rækkehuse;3460 Birkerød;23.123;22.088;24.294;23.677;25.226;22.967;24.140;24.601
Parcel- og rækkehuse;3480 Fredensborg;17.467;18.054;19.383;18.212;19.452;18.167;19.028;17.807
Parcel- og rækkehuse;3490 Kvistgård;0;0;0;0;0;0;0;0
Parcel- og rækkehuse;3500 Værløse;23.432;20.914;22.683;22.451;24.074;22.314;23.721;23.879
Parcel- og rækkehuse;3520 Farum;19.311;19.390;18.899;20.575;18.891;19.705;19.895;19.802
Parcel- og rækkehuse;3540 Lynge;16.030;0;0;17.458;18.291;16.469;18.950;17.400
Parcel- og rækkehuse;3550 Slangerup;13.077;14.514;14.824;15.497;14.742;15.966;16.768;14.814
Parcel- og rækkehuse;3600 Frederikssund;14.355;15.437;15.752;15.457;15.092;16.482;15.212;14.160
Parcel- og rækkehuse;3630 Jægerspris;0;12.006;11.151;10.977;10.528;0;0;12.408
Parcel- og rækkehuse;3650 Ølstykke;15.587;15.368;17.000;16.602;15.452;16.032;16.535;16.525
Parcel- og rækkehuse;3660 Stenløse;15.619;14.426;15.136;18.339;15.448;16.404;15.525;14.897
Parcel- og rækkehuse;3670 Veksø Sjælland;0;0;0;0;0;0;0;0
Parcel- og rækkehuse;3700 Rønne;8.322;8.636;8.301;7.753;8.931;8.555;7.795;7.816
Parcel- og rækkehuse;3720 Aakirkeby;4.692;6.047;5.330;4.878;5.828;4.682;5.473;3.457
Parcel- og rækkehuse;3730 Nexø;4.876;6.551;6.631;5.748;6.879;5.258;0;0
Parcel- og rækkehuse;3740 Svaneke;0;0;0;8.472;9.709;0;0;7.636
Parcel- og rækkehuse;3751 Østermarie;0;0;0;0;0;0;0;0
Parcel- og rækkehuse;3760 Gudhjem;0;0;0;0;5.116;0;0;0
Parcel- og rækkehuse;3770 Allinge;6.757;5.378;7.974;5.080;7.210;0;0;4.442
Parcel- og rækkehuse;3782 Klemensker;0;0;0;0;0;0;0;0
Parcel- og rækkehuse;3790 Hasle;0;0;0;0;0;0;0;0
Parcel- og rækkehuse;4000 Roskilde;17.693;17.732;18.249;18.357;18.461;18.082;17.550;17.325
Parcel- og rækkehuse;4030 Tune;15.326;15.377;16.667;17.939;16.539;17.347;17.135;15.827
Parcel- og rækkehuse;4040 Jyllinge;16.858;15.225;16.149;17.528;17.463;17.363;16.207;14.493
Parcel- og rækkehuse;4050 Skibby;0;12.033;11.327;10.804;12.108;11.562;9.691;8.935
Parcel- og rækkehuse;4060 Kirke Såby;9.458;0;0;9.940;0;0;9.209;8.931
Parcel- og rækkehuse;4070 Kirke Hyllinge;10.504;10.986;13.986;12.247;13.545;10.390;8.241;10.125
Parcel- og rækkehuse;4100 Ringsted;11.226;11.743;12.302;11.904;12.264;11.398;10.695;11.414
Parcel- og rækkehuse;4105 Ringsted;0;0;0;0;0;0;0;0
Parcel- og rækkehuse;4130 Viby Sjælland;12.173;14.193;13.698;12.623;14.592;0;0;14.624
Parcel- og rækkehuse;4140 Borup;13.872;14.731;13.666;14.962;13.254;14.318;13.612;10.377
Parcel- og rækkehuse;4160 Herlufmagle;7.861;11.252;8.402;0;0;0;0;0
Parcel- og rækkehuse;4171 Glumsø;0;9.310;10.706;0;0;0;0;0
Parcel- og rækkehuse;4173 Fjenneslev;0;0;0;0;0;0;0;0
Parcel- og rækkehuse;4174 Jystrup Midtsj;0;0;0;0;0;0;0;0
Parcel- og rækkehuse;4180 Sorø;13.485;13.099;13.254;11.620;12.639;11.423;13.317;12.372
Parcel- og rækkehuse;4190 Munke Bjergby;0;0;0;0;0;0;0;0
Parcel- og rækkehuse;4200 Slagelse;11.349;11.579;10.457;11.457;10.275;10.317;11.131;9.947
Parcel- og rækkehuse;4220 Korsør;9.748;9.010;9.442;9.706;8.776;7.596;9.861;7.614
Parcel- og rækkehuse;4230 Skælskør;9.232;9.886;9.317;10.340;9.356;8.460;8.202;8.093
Parcel- og rækkehuse;4241 Vemmelev;0;0;10.786;9.694;0;0;0;0
Parcel- og rækkehuse;4242 Boeslunde;0;0;0;0;0;0;0;0
Parcel- og rækkehuse;4243 Rude;0;0;0;0;0;0;0;0
Parcel- og rækkehuse;4250 Fuglebjerg;0;0;0;9.625;8.027;6.545;6.813;0
Parcel- og rækkehuse;4261 Dalmose;7.238;0;0;0;0;0;0;0
Parcel- og rækkehuse;4262 Sandved;0;0;0;0;0;0;0;0
Parcel- og rækkehuse;4270 Høng;9.016;7.085;9.518;8.884;8.216;10.520;7.080;7.795
Parcel- og rækkehuse;4281 Gørlev;0;0;0;9.481;8.421;0;0;7.694
Parcel- og rækkehuse;4291 Ruds Vedby;0;0;0;0;0;0;0;0
Parcel- og rækkehuse;4293 Dianalund;9.971;9.225;9.149;9.847;8.756;8.378;8.029;8.849
Parcel- og rækkehuse;4295 Stenlille;0;10.004;9.404;6.743;8.158;0;0;0
Parcel- og rækkehuse;4296 Nyrup;0;0;0;0;0;0;0;0
Parcel- og rækkehuse;4300 Holbæk;13.944;13.702;13.357;14.644;13.943;14.473;13.667;11.391
Parcel- og rækkehuse;4320 Lejre;15.767;14.649;15.472;11.711;15.956;13.280;14.952;11.988
Parcel- og rækkehuse;4330 Hvalsø;12.438;15.748;12.832;12.176;11.927;12.518;10.169;0
Parcel- og rækkehuse;4340 Tølløse;11.978;12.972;11.880;13.201;10.633;8.449;11.665;9.101
Parcel- og rækkehuse;4350 Ugerløse;0;0;0;0;0;0;0;0
Parcel- og rækkehuse;4360 Kirke Eskilstrup;0;0;0;0;0;0;0;0
Parcel- og rækkehuse;4370 Store Merløse;0;0;0;0;0;0;0;0
Parcel- og rækkehuse;4390 Vipperød;0;0;9.466;11.184;0;0;0;0
Parcel- og rækkehuse;4400 Kalundborg;11.036;9.466;8.944;10.252;9.862;8.447;10.541;9.632
Parcel- og rækkehuse;4420 Regstrup;0;0;10.949;10.606;0;0;0;0
Parcel- og rækkehuse;4440 Mørkøv;0;0;0;0;7.898;0;0;7.382
Parcel- og rækkehuse;4450 Jyderup;11.391;9.494;9.229;9.056;10.847;10.333;8.321;9.220
Parcel- og rækkehuse;4460 Snertinge;0;0;0;0;0;0;0;0
Parcel- og rækkehuse;4470 Svebølle;0;0;0;5.549;7.032;4.310;5.911;5.864
Parcel- og rækkehuse;4480 Store Fuglede;0;0;0;0;0;0;0;0
Parcel- og rækkehuse;4490 Jerslev Sjælland;0;0;0;0;0;0;0;0
Parcel- og rækkehuse;4500 Nykøbing Sj;8.168;12.474;9.096;9.559;9.011;8.627;7.599;8.423
Parcel- og rækkehuse;4520 Svinninge;9.165;0;0;8.268;7.992;0;0;7.398
Parcel- og rækkehuse;4532 Gislinge;0;0;10.776;0;0;0;0;10.485
Parcel- og rækkehuse;4534 Hørve;0;0;0;0;0;6.054;0;0
Parcel- og rækkehuse;4540 Fårevejle;8.091;8.310;0;0;0;0;0;0
Parcel- og rækkehuse;4550 Asnæs;0;0;10.168;9.466;0;0;0;0
Parcel- og rækkehuse;4560 Vig;0;0;0;0;0;0;0;0
Parcel- og rækkehuse;4571 Grevinge;0;0;0;0;0;0;0;0
Parcel- og rækkehuse;4572 Nørre Asmindrup;0;0;0;0;0;0;0;0
Parcel- og rækkehuse;4573 Højby;0;0;0;0;0;0;0;0
Parcel- og rækkehuse;4581 Rørvig;0;0;0;0;0;0;0;0
Parcel- og rækkehuse;4583 Sjællands Odde;0;0;0;0;0;0;0;0
Parcel- og rækkehuse;4591 Føllenslev;0;0;0;0;0;0;0;0
Parcel- og rækkehuse;4592 Sejerø;0;0;0;0;0;0;0;0
Parcel- og rækkehuse;4593 Eskebjerg;0;0;0;0;0;0;0;0
Parcel- og rækkehuse;4600 Køge;15.014;15.281;15.245;16.195;15.420;14.627;14.325;15.403
Parcel- og rækkehuse;4621 Gadstrup;0;0;0;12.377;11.197;13.915;0;0
Parcel- og rækkehuse;4622 Havdrup;13.363;14.785;14.420;14.999;15.245;15.803;13.610;13.438
Parcel- og rækkehuse;4623 Lille Skensved;11.408;14.317;12.572;12.928;14.068;12.544;11.723;12.768
Parcel- og rækkehuse;4632 Bjæverskov;15.492;15.154;12.602;0;0;0;0;0
Parcel- og rækkehuse;4640 Faxe;0;0;8.714;9.642;9.109;8.578;8.505;0
Parcel- og rækkehuse;4652 Hårlev;10.438;9.780;10.912;9.241;9.438;0;0;11.917
Parcel- og rækkehuse;4653 Karise;0;0;0;0;0;10.115;8.700;0
Parcel- og rækkehuse;4654 Faxe Ladeplads;0;0;0;9.267;11.055;10.874;8.016;0
Parcel- og rækkehuse;4660 Store Heddinge;8.861;9.535;8.444;9.132;7.076;8.741;7.894;8.253
Parcel- og rækkehuse;4671 Strøby;0;0;0;0;0;0;0;0
Parcel- og rækkehuse;4672 Klippinge;0;0;0;0;0;0;0;0
Parcel- og rækkehuse;4673 Rødvig Stevns;0;0;8.597;0;0;0;8.918;0
Parcel- og rækkehuse;4681 Herfølge;12.483;0;0;14.631;0;0;11.302;0
Parcel- og rækkehuse;4682 Tureby;0;0;0;0;0;0;0;0
Parcel- og rækkehuse;4683 Rønnede;0;9.726;9.348;8.134;9.849;8.098;9.124;0
Parcel- og rækkehuse;4684 Holmegaard;11.673;10.897;10.292;9.814;11.067;10.558;10.372;10.438
Parcel- og rækkehuse;4690 Haslev;12.371;10.700;9.431;10.262;9.893;9.873;9.613;9.866
Parcel- og rækkehuse;4700 Næstved;11.618;11.078;11.730;10.676;11.409;10.749;10.564;10.499
Parcel- og rækkehuse;4720 Præstø;8.855;8.592;10.121;9.331;10.128;8.556;0;0
Parcel- og rækkehuse;4733 Tappernøje;10.243;0;0;0;0;0;0;0
Parcel- og rækkehuse;4735 Mern;0;0;0;0;0;0;0;0
Parcel- og rækkehuse;4736 Karrebæksminde;12.616;0;0;0;0;0;0;0
Parcel- og rækkehuse;4750 Lundby;5.716;7.410;8.228;6.140;7.730;6.952;0;0
Parcel- og rækkehuse;4760 Vordingborg;9.141;10.321;8.848;8.859;8.344;8.055;9.340;7.955
Parcel- og rækkehuse;4771 Kalvehave;0;0;0;0;0;0;0;0
Parcel- og rækkehuse;4772 Langebæk;0;0;0;0;0;0;0;0
Parcel- og rækkehuse;4773 Stensved;0;0;9.331;7.282;7.323;0;0;0
Parcel- og rækkehuse;4780 Stege;8.864;7.601;6.950;7.995;7.779;6.498;6.907;7.293
Parcel- og rækkehuse;4791 Borre;0;0;0;0;0;0;0;0
Parcel- og rækkehuse;4792 Askeby;0;7.096;0;0;0;0;5.351;0
Parcel- og rækkehuse;4793 Bogø By;0;0;0;0;0;0;0;0
Parcel- og rækkehuse;4800 Nykøbing F;9.324;9.265;9.370;8.903;8.717;8.728;9.375;8.022
Parcel- og rækkehuse;4840 Nørre Alslev;8.520;5.084;6.964;8.068;7.798;5.988;6.016;5.367
Parcel- og rækkehuse;4850 Stubbekøbing;7.510;7.098;6.755;5.764;0;0;0;3.479
Parcel- og rækkehuse;4862 Guldborg;0;0;0;0;0;0;0;0
Parcel- og rækkehuse;4863 Eskilstrup;0;0;0;0;0;0;0;0
Parcel- og rækkehuse;4871 Horbelev;4.993;0;0;0;0;0;0;0
Parcel- og rækkehuse;4872 Idestrup;0;0;0;0;0;0;0;0
Parcel- og rækkehuse;4873 Væggerløse;0;0;0;7.620;0;0;0;0
Parcel- og rækkehuse;4874 Gedser;0;0;0;0;0;0;0;0
Parcel- og rækkehuse;4880 Nysted;0;0;0;0;0;7.508;0;0
Parcel- og rækkehuse;4891 Toreby L;0;0;0;0;0;0;0;0
Parcel- og rækkehuse;4892 Kettinge;0;0;0;0;0;0;0;0
Parcel- og rækkehuse;4894 Øster Ulslev;0;0;0;0;0;0;0;0
Parcel- og rækkehuse;4895 Errindlev;0;0;0;0;0;0;0;0
Parcel- og rækkehuse;4900 Nakskov;5.684;6.013;5.943;6.292;6.152;5.026;5.467;4.059
Parcel- og rækkehuse;4912 Harpelunde;0;0;0;0;0;0;0;0
Parcel- og rækkehuse;4913 Horslunde;0;0;0;0;0;0;0;0
Parcel- og rækkehuse;4920 Søllested;0;0;0;0;4.361;0;0;0
Parcel- og rækkehuse;4930 Maribo;8.088;7.354;7.345;7.716;6.415;5.842;7.546;5.600
Parcel- og rækkehuse;4941 Bandholm;0;0;0;0;0;0;0;0
Parcel- og rækkehuse;4943 Torrig L;0;0;0;0;0;0;0;0
Parcel- og rækkehuse;4944 Fejø;0;0;0;0;0;0;0;0
Parcel- og rækkehuse;4951 Nørreballe;0;0;0;0;0;0;0;0
Parcel- og rækkehuse;4952 Stokkemarke;0;0;0;0;0;0;0;0
Parcel- og rækkehuse;4953 Vesterborg;0;0;0;0;0;0;0;0
Parcel- og rækkehuse;4960 Holeby;0;0;0;0;0;0;0;0
Parcel- og rækkehuse;4970 Rødby;3.950;4.993;4.926;4.817;0;0;4.492;3.042
Parcel- og rækkehuse;4983 Dannemare;0;0;0;0;0;0;0;0
Parcel- og rækkehuse;4990 Sakskøbing;5.173;5.748;6.061;6.446;5.245;6.647;4.616;5.490
Parcel- og rækkehuse;5000 Odense C;13.325;15.631;15.552;14.131;14.356;14.308;13.946;14.578
Parcel- og rækkehuse;5200 Odense V;0;0;10.993;0;0;12.004;11.416;10.123
Parcel- og rækkehuse;5210 Odense NV;12.398;13.026;12.310;12.677;12.934;12.807;11.775;11.314
Parcel- og rækkehuse;5220 Odense SØ;12.408;13.803;13.008;13.757;13.049;11.718;13.202;13.278
Parcel- og rækkehuse;5230 Odense M;15.378;14.296;15.728;16.499;16.173;14.935;15.373;14.381
Parcel- og rækkehuse;5240 Odense NØ;11.770;10.921;11.680;10.634;12.305;12.723;11.288;10.489
Parcel- og rækkehuse;5250 Odense SV;13.050;12.428;13.289;13.046;13.245;13.089;12.345;12.463
Parcel- og rækkehuse;5260 Odense S;12.115;11.043;12.757;12.442;12.140;12.827;12.261;11.049
Parcel- og rækkehuse;5270 Odense N;12.429;12.276;12.364;11.093;11.800;11.758;11.982;11.747
Parcel- og rækkehuse;5290 Marslev;0;0;0;0;0;0;0;0
Parcel- og rækkehuse;5300 Kerteminde;13.016;0;0;13.823;12.098;10.833;10.436;11.192
Parcel- og rækkehuse;5320 Agedrup;11.046;0;0;10.732;0;0;0;0
Parcel- og rækkehuse;5330 Munkebo;11.555;11.216;8.890;8.315;9.509;11.082;9.210;10.684
Parcel- og rækkehuse;5350 Rynkeby;0;0;0;0;0;0;0;0
Parcel- og rækkehuse;5370 Mesinge;0;0;0;0;0;0;0;0
Parcel- og rækkehuse;5380 Dalby;0;0;0;0;0;0;0;0
Parcel- og rækkehuse;5390 Martofte;0;0;0;0;0;0;0;0
Parcel- og rækkehuse;5400 Bogense;8.805;10.040;6.993;8.211;0;0;10.034;6.600
Parcel- og rækkehuse;5450 Otterup;7.189;8.247;9.655;7.312;9.125;6.859;8.387;7.506
Parcel- og rækkehuse;5462 Morud;0;0;0;0;0;0;0;0
Parcel- og rækkehuse;5463 Harndrup;0;0;0;0;0;0;0;0
Parcel- og rækkehuse;5464 Brenderup Fyn;0;0;0;0;0;0;0;0
Parcel- og rækkehuse;5466 Asperup;0;0;0;0;0;0;0;0
Parcel- og rækkehuse;5471 Søndersø;8.371;6.494;7.732;7.320;6.096;6.076;6.544;6.603
Parcel- og rækkehuse;5474 Veflinge;0;0;0;0;0;0;0;0
Parcel- og rækkehuse;5485 Skamby;0;0;0;0;0;0;0;0
Parcel- og rækkehuse;5491 Blommenslyst;0;0;0;0;0;0;0;0
Parcel- og rækkehuse;5492 Vissenbjerg;7.526;6.626;9.306;10.074;6.029;7.150;7.815;8.524
Parcel- og rækkehuse;5500 Middelfart;13.540;12.676;13.561;13.584;12.615;12.790;12.315;12.704
Parcel- og rækkehuse;5540 Ullerslev;0;0;7.360;7.884;9.001;8.131;0;0
Parcel- og rækkehuse;5550 Langeskov;8.711;9.277;6.945;9.702;9.466;0;0;9.801
Parcel- og rækkehuse;5560 Aarup;8.482;10.812;8.956;8.836;7.834;7.873;7.293;7.706
Parcel- og rækkehuse;5580 Nørre Aaby;0;0;0;0;0;0;7.980;0
Parcel- og rækkehuse;5591 Gelsted;0;0;0;0;6.542;0;0;0
Parcel- og rækkehuse;5592 Ejby;0;0;0;6.738;6.109;0;0;0
Parcel- og rækkehuse;5600 Faaborg;7.955;7.741;7.994;8.521;8.286;7.313;7.749;6.051
Parcel- og rækkehuse;5610 Assens;8.876;7.570;7.245;7.814;8.546;9.413;8.984;9.283
Parcel- og rækkehuse;5620 Glamsbjerg;6.389;8.183;7.956;7.970;7.732;6.198;7.426;5.800
Parcel- og rækkehuse;5631 Ebberup;0;9.460;0;0;0;0;0;0
Parcel- og rækkehuse;5642 Millinge;0;0;0;0;0;0;0;0
Parcel- og rækkehuse;5672 Broby;5.875;6.125;6.852;7.084;6.389;7.466;6.292;5.672
Parcel- og rækkehuse;5683 Haarby;7.662;8.230;7.678;6.623;6.409;8.843;8.624;6.082
Parcel- og rækkehuse;5690 Tommerup;8.990;8.964;8.180;8.460;8.877;9.609;7.346;8.208
Parcel- og rækkehuse;5700 Svendborg;12.466;12.671;12.028;11.799;11.300;11.922;11.254;10.840
Parcel- og rækkehuse;5750 Ringe;8.716;8.174;8.839;8.746;8.736;9.244;7.842;8.315
Parcel- og rækkehuse;5762 Vester Skerninge;0;0;8.453;8.328;7.784;8.821;7.183;7.960
Parcel- og rækkehuse;5771 Stenstrup;0;0;0;0;0;8.981;6.668;6.957
Parcel- og rækkehuse;5772 Kværndrup;0;0;0;0;0;0;0;0
Parcel- og rækkehuse;5792 Årslev;8.730;9.123;8.094;8.147;9.224;8.737;8.653;6.336
Parcel- og rækkehuse;5800 Nyborg;11.748;10.860;11.645;11.803;10.655;9.802;10.034;10.994
Parcel- og rækkehuse;5853 Ørbæk;7.655;9.179;7.612;8.259;8.604;4.981;7.911;5.893
Parcel- og rækkehuse;5854 Gislev;0;7.591;7.098;0;0;0;0;0
Parcel- og rækkehuse;5856 Ryslinge;0;0;0;0;0;0;0;0
Parcel- og rækkehuse;5863 Ferritslev Fyn;0;0;0;0;0;0;0;0
Parcel- og rækkehuse;5871 Frørup;0;0;0;0;0;0;0;0
Parcel- og rækkehuse;5874 Hesselager;0;0;0;0;0;0;0;0
Parcel- og rækkehuse;5881 Skårup Fyn;0;0;0;0;0;0;0;0
Parcel- og rækkehuse;5882 Vejstrup;0;0;0;0;0;0;0;0
Parcel- og rækkehuse;5883 Oure;0;0;0;0;0;0;0;0
Parcel- og rækkehuse;5884 Gudme;0;0;0;0;0;0;0;0
Parcel- og rækkehuse;5892 Gudbjerg Sydfyn;0;0;0;0;0;0;0;0
Parcel- og rækkehuse;5900 Rudkøbing;7.501;6.937;7.580;6.601;6.294;6.647;6.779;6.791
Parcel- og rækkehuse;5932 Humble;0;0;0;0;5.326;0;0;0
Parcel- og rækkehuse;5935 Bagenkop;0;0;0;0;0;0;0;0
Parcel- og rækkehuse;5953 Tranekær;7.806;0;0;10.130;4.929;0;0;0
Parcel- og rækkehuse;5960 Marstal;9.974;6.169;7.290;6.797;7.677;5.267;7.128;6.378
Parcel- og rækkehuse;5970 Ærøskøbing;0;0;0;0;0;0;0;0
Parcel- og rækkehuse;5985 Søby Ærø;0;0;0;0;0;0;0;0
Parcel- og rækkehuse;6000 Kolding;12.907;12.980;13.089;12.959;12.616;12.187;12.654;12.207
Parcel- og rækkehuse;6040 Egtved;10.372;8.646;8.505;8.761;10.282;9.406;8.982;8.831
Parcel- og rækkehuse;6051 Almind;12.904;0;0;0;0;0;0;0
Parcel- og rækkehuse;6052 Viuf;0;0;0;0;0;0;0;0
Parcel- og rækkehuse;6064 Jordrup;0;0;0;0;0;0;0;0
Parcel- og rækkehuse;6070 Christiansfeld;6.870;8.922;8.284;7.679;6.797;6.410;7.104;6.836
Parcel- og rækkehuse;6091 Bjert;0;0;10.806;0;0;0;10.660;0
Parcel- og rækkehuse;6092 Sønder Stenderup;0;0;0;0;0;0;0;0
Parcel- og rækkehuse;6093 Sjølund;0;0;0;0;0;0;0;0
Parcel- og rækkehuse;6094 Hejls;0;0;0;0;0;0;0;0
Parcel- og rækkehuse;6100 Haderslev;9.691;9.435;9.241;9.270;9.479;9.305;8.803;9.032
Parcel- og rækkehuse;6200 Aabenraa;9.065;7.901;8.471;7.775;9.057;8.667;8.588;9.518
Parcel- og rækkehuse;6230 Rødekro;8.219;7.894;7.859;7.463;8.004;6.950;7.355;6.837
Parcel- og rækkehuse;6240 Løgumkloster;5.576;5.077;4.773;4.844;5.217;4.706;5.961;3.939
Parcel- og rækkehuse;6261 Bredebro;0;4.467;3.447;4.049;0;0;4.064;3.620
Parcel- og rækkehuse;6270 Tønder;6.940;6.856;6.954;7.793;7.626;6.407;7.566;7.348
Parcel- og rækkehuse;6280 Højer;0;0;0;0;0;0;0;0
Parcel- og rækkehuse;6300 Gråsten;7.400;7.076;8.600;7.934;7.647;6.922;8.454;5.965
Parcel- og rækkehuse;6310 Broager;6.622;8.247;7.950;8.320;7.582;7.819;0;0
Parcel- og rækkehuse;6320 Egernsund;0;0;0;0;0;0;0;0
Parcel- og rækkehuse;6330 Padborg;7.129;5.389;6.858;5.808;7.696;5.355;6.405;5.168
Parcel- og rækkehuse;6340 Kruså;7.733;6.497;10.010;5.769;12.424;6.960;0;0
Parcel- og rækkehuse;6360 Tinglev;0;0;5.019;5.697;5.529;4.732;0;0
Parcel- og rækkehuse;6372 Bylderup-Bov;0;0;0;0;0;0;0;0
Parcel- og rækkehuse;6392 Bolderslev;0;0;4.440;0;0;0;0;0
Parcel- og rækkehuse;6400 Sønderborg;9.712;10.514;10.427;9.289;9.344;10.104;9.193;9.769
Parcel- og rækkehuse;6430 Nordborg;5.045;4.629;6.465;5.678;5.071;4.636;6.405;5.141
Parcel- og rækkehuse;6440 Augustenborg;5.727;7.398;8.384;6.906;7.076;7.003;7.508;5.826
Parcel- og rækkehuse;6470 Sydals;8.081;6.923;8.655;8.110;8.694;10.070;8.475;8.179
Parcel- og rækkehuse;6500 Vojens;7.675;6.504;6.720;5.923;6.714;6.262;6.676;6.219
Parcel- og rækkehuse;6510 Gram;6.096;3.796;6.208;4.672;0;0;0;0
Parcel- og rækkehuse;6520 Toftlund;0;6.230;0;0;0;6.284;5.431;5.425
Parcel- og rækkehuse;6534 Agerskov;0;0;0;0;0;0;0;0
Parcel- og rækkehuse;6535 Branderup J;0;0;0;0;0;0;0;0
Parcel- og rækkehuse;6541 Bevtoft;0;0;0;0;0;0;0;0
Parcel- og rækkehuse;6560 Sommersted;5.412;4.977;0;0;0;0;0;0
Parcel- og rækkehuse;6580 Vamdrup;10.313;8.831;8.074;8.532;8.360;8.352;8.658;6.824
Parcel- og rækkehuse;6600 Vejen;8.927;8.671;8.948;8.469;8.948;8.790;8.628;8.471
Parcel- og rækkehuse;6621 Gesten;0;0;0;0;0;0;0;0
Parcel- og rækkehuse;6622 Bække;0;0;0;0;0;0;0;0
Parcel- og rækkehuse;6623 Vorbasse;0;0;0;0;0;0;0;0
Parcel- og rækkehuse;6630 Rødding;6.046;5.894;5.429;6.259;7.054;6.047;5.090;5.580
Parcel- og rækkehuse;6640 Lunderskov;9.738;9.988;10.127;9.428;10.171;10.049;0;0
Parcel- og rækkehuse;6650 Brørup;7.770;7.064;6.922;7.569;8.129;7.073;8.097;6.443
Parcel- og rækkehuse;6660 Lintrup;0;0;0;0;0;0;0;0
Parcel- og rækkehuse;6670 Holsted;0;0;0;5.436;7.313;5.302;0;0
Parcel- og rækkehuse;6682 Hovborg;0;0;0;0;5.194;0;0;0
Parcel- og rækkehuse;6683 Føvling;0;0;0;0;0;0;0;0
Parcel- og rækkehuse;6690 Gørding;0;0;0;0;6.916;0;0;0
Parcel- og rækkehuse;6700 Esbjerg;12.105;10.315;12.238;12.766;10.640;11.708;13.193;11.848
Parcel- og rækkehuse;6705 Esbjerg Ø;9.150;10.037;10.648;10.882;10.664;10.060;11.448;10.449
Parcel- og rækkehuse;6710 Esbjerg V;12.371;12.389;13.438;11.988;12.460;12.054;12.641;12.691
Parcel- og rækkehuse;6715 Esbjerg N;10.369;11.844;12.078;11.247;11.446;10.356;10.530;10.699
Parcel- og rækkehuse;6720 Fanø;10.643;12.350;11.074;0;0;0;8.961;10.294
Parcel- og rækkehuse;6731 Tjæreborg;0;0;9.533;10.779;0;0;12.150;11.222
Parcel- og rækkehuse;6740 Bramming;9.374;8.334;8.392;8.167;8.294;8.474;8.413;8.581
Parcel- og rækkehuse;6752 Glejbjerg;0;0;0;0;0;0;0;0
Parcel- og rækkehuse;6753 Agerbæk;0;0;0;0;0;0;0;0
Parcel- og rækkehuse;6760 Ribe;7.050;7.658;9.919;8.032;8.468;8.719;9.488;8.054
Parcel- og rækkehuse;6771 Gredstedbro;0;0;0;0;0;0;0;0
Parcel- og rækkehuse;6780 Skærbæk;4.225;6.215;6.275;4.407;0;0;5.870;4.074
Parcel- og rækkehuse;6792 Rømø;0;0;0;0;0;0;0;0
Parcel- og rækkehuse;6800 Varde;9.095;9.550;9.365;8.478;8.202;7.919;8.427;7.550
Parcel- og rækkehuse;6818 Årre;0;0;0;6.393;7.937;4.679;0;0
Parcel- og rækkehuse;6823 Ansager;0;0;0;6.414;0;0;4.460;0
Parcel- og rækkehuse;6830 Nørre Nebel;0;0;0;8.213;6.053;6.666;0;0
Parcel- og rækkehuse;6840 Oksbøl;0;0;7.859;0;0;8.814;8.601;0
Parcel- og rækkehuse;6851 Janderup Vestj;0;0;0;0;5.816;0;0;0
Parcel- og rækkehuse;6852 Billum;0;0;0;0;0;0;0;0
Parcel- og rækkehuse;6853 Vejers Strand;0;0;0;0;0;0;0;0
Parcel- og rækkehuse;6854 Henne;0;0;0;0;0;0;0;0
Parcel- og rækkehuse;6855 Outrup;0;0;0;0;0;0;0;0
Parcel- og rækkehuse;6857 Blåvand;0;0;0;0;0;0;0;0
Parcel- og rækkehuse;6862 Tistrup;0;0;0;0;0;0;0;0
Parcel- og rækkehuse;6870 Ølgod;6.171;6.844;6.495;4.959;5.671;0;0;0
Parcel- og rækkehuse;6880 Tarm;5.258;5.308;6.158;5.985;5.810;5.623;5.177;5.984
Parcel- og rækkehuse;6893 Hemmet;0;0;0;0;0;0;0;0
Parcel- og rækkehuse;6900 Skjern;6.663;5.606;7.609;7.162;7.272;7.134;7.709;7.348
Parcel- og rækkehuse;6920 Videbæk;6.749;6.723;5.783;6.431;6.667;6.394;5.944;5.831
Parcel- og rækkehuse;6933 Kibæk;0;0;5.834;6.446;6.982;5.924;7.081;5.910
Parcel- og rækkehuse;6940 Lem St;0;0;0;0;0;0;0;0
Parcel- og rækkehuse;6950 Ringkøbing;9.044;8.962;8.728;9.523;9.086;8.600;7.664;9.554
Parcel- og rækkehuse;6960 Hvide Sande;0;0;0;7.272;8.214;7.285;6.138;7.050
Parcel- og rækkehuse;6971 Spjald;0;0;5.723;0;0;0;0;0
Parcel- og rækkehuse;6973 Ørnhøj;0;0;0;0;0;0;0;0
Parcel- og rækkehuse;6980 Tim;0;0;0;0;0;0;0;0
Parcel- og rækkehuse;6990 Ulfborg;5.828;5.192;6.036;7.644;6.305;7.549;5.880;4.759
Parcel- og rækkehuse;7000 Fredericia;11.260;10.667;10.743;10.880;11.361;10.806;10.992;10.443
Parcel- og rækkehuse;7007 Fredericia;0;0;0;0;0;0;0;0
Parcel- og rækkehuse;7080 Børkop;10.069;9.427;11.246;11.433;10.479;13.216;10.630;12.741
Parcel- og rækkehuse;7100 Vejle;12.894;12.026;12.412;12.205;12.610;12.344;12.075;11.624
Parcel- og rækkehuse;7120 Vejle Øst;14.437;15.242;13.771;14.125;15.648;17.382;13.739;13.817
Parcel- og rækkehuse;7130 Juelsminde;8.373;10.475;7.882;7.695;7.926;8.979;7.379;11.113
Parcel- og rækkehuse;7140 Stouby;0;0;0;0;0;0;0;0
Parcel- og rækkehuse;7150 Barrit;0;7.899;0;5.923;0;0;0;0
Parcel- og rækkehuse;7160 Tørring;8.942;9.028;7.441;8.884;7.848;8.093;8.193;7.950
Parcel- og rækkehuse;7171 Uldum;0;0;0;0;0;0;0;0
Parcel- og rækkehuse;7173 Vonge;0;0;0;0;0;0;0;0
Parcel- og rækkehuse;7182 Bredsten;0;0;0;0;10.975;0;0;0
Parcel- og rækkehuse;7183 Randbøl;0;0;0;0;0;0;0;0
Parcel- og rækkehuse;7184 Vandel;0;0;0;0;0;0;0;0
Parcel- og rækkehuse;7190 Billund;10.489;9.809;9.029;10.142;10.205;9.511;10.671;10.100
Parcel- og rækkehuse;7200 Grindsted;8.385;7.457;7.297;8.368;8.566;8.350;7.338;8.010
Parcel- og rækkehuse;7250 Hejnsvig;0;0;0;0;0;0;0;0
Parcel- og rækkehuse;7260 Sønder Omme;0;0;0;0;0;0;5.221;0
Parcel- og rækkehuse;7270 Stakroge;0;0;0;0;0;0;0;0
Parcel- og rækkehuse;7280 Sønder Felding;0;0;0;0;0;0;0;0
Parcel- og rækkehuse;7300 Jelling;0;0;9.349;11.059;7.699;11.129;10.480;10.605
Parcel- og rækkehuse;7321 Gadbjerg;0;0;0;0;0;0;0;0
Parcel- og rækkehuse;7323 Give;8.239;8.031;8.675;9.141;7.364;7.987;7.650;8.860
Parcel- og rækkehuse;7330 Brande;8.106;8.310;8.817;8.370;9.257;9.633;7.988;7.514
Parcel- og rækkehuse;7361 Ejstrupholm;6.244;0;0;5.256;9.239;0;0;0
Parcel- og rækkehuse;7362 Hampen;0;0;0;0;0;0;0;0
Parcel- og rækkehuse;7400 Herning;10.886;10.252;11.160;9.908;9.909;10.924;10.888;10.013
Parcel- og rækkehuse;7430 Ikast;9.208;9.594;10.096;10.154;9.493;9.233;9.097;9.068
Parcel- og rækkehuse;7441 Bording;0;6.722;6.599;8.643;8.645;9.495;8.312;0
Parcel- og rækkehuse;7442 Engesvang;0;8.753;8.521;0;0;5.748;7.276;8.572
Parcel- og rækkehuse;7451 Sunds;7.300;7.060;8.452;9.353;7.713;7.960;10.221;0
Parcel- og rækkehuse;7470 Karup J;6.035;6.751;7.276;7.812;6.483;6.082;6.985;5.709
Parcel- og rækkehuse;7480 Vildbjerg;7.014;9.261;7.862;7.588;7.523;6.257;7.728;7.715
Parcel- og rækkehuse;7490 Aulum;7.715;6.423;5.811;7.811;6.754;7.750;7.175;7.387
Parcel- og rækkehuse;7500 Holstebro;10.726;11.296;11.770;11.148;11.161;10.830;10.713;11.461
Parcel- og rækkehuse;7540 Haderup;0;0;0;0;0;0;0;0
Parcel- og rækkehuse;7550 Sørvad;0;0;0;0;0;0;0;0
Parcel- og rækkehuse;7560 Hjerm;0;6.266;0;0;0;0;0;0
Parcel- og rækkehuse;7570 Vemb;0;0;0;4.583;0;0;4.789;5.914
Parcel- og rækkehuse;7600 Struer;8.615;7.592;7.878;7.499;7.579;8.162;8.076;8.774
Parcel- og rækkehuse;7620 Lemvig;6.198;5.955;5.977;6.291;6.052;5.289;6.303;6.766
Parcel- og rækkehuse;7650 Bøvlingbjerg;0;0;0;0;0;0;0;0
Parcel- og rækkehuse;7660 Bækmarksbro;0;0;0;0;0;0;0;0
Parcel- og rækkehuse;7673 Harboøre;0;0;0;0;0;0;0;0
Parcel- og rækkehuse;7680 Thyborøn;6.996;0;0;0;4.006;0;0;0
Parcel- og rækkehuse;7700 Thisted;7.098;7.023;7.748;8.193;7.217;7.449;7.267;7.527
Parcel- og rækkehuse;7730 Hanstholm;0;0;0;0;5.226;0;0;0
Parcel- og rækkehuse;7741 Frøstrup;0;0;0;0;0;0;0;0
Parcel- og rækkehuse;7742 Vesløs;0;0;0;0;0;0;0;0
Parcel- og rækkehuse;7752 Snedsted;0;6.953;4.925;6.092;4.538;4.689;4.427;4.012
Parcel- og rækkehuse;7755 Bedsted Thy;0;0;0;0;0;0;0;0
Parcel- og rækkehuse;7760 Hurup Thy;5.220;6.375;5.869;5.190;4.434;6.301;7.122;4.389
Parcel- og rækkehuse;7770 Vestervig;0;0;0;0;0;0;0;0
Parcel- og rækkehuse;7790 Thyholm;0;6.149;6.331;0;0;0;0;0
Parcel- og rækkehuse;7800 Skive;8.510;8.848;7.445;7.945;8.311;8.221;8.713;7.354
Parcel- og rækkehuse;7830 Vinderup;6.348;6.746;6.055;6.806;5.188;7.078;5.486;3.986
Parcel- og rækkehuse;7840 Højslev;6.820;8.370;6.758;5.873;6.048;5.385;0;0
Parcel- og rækkehuse;7850 Stoholm Jyll;0;0;0;0;0;0;6.688;6.165
Parcel- og rækkehuse;7860 Spøttrup;4.822;4.788;5.054;4.766;4.580;3.945;4.972;0
Parcel- og rækkehuse;7870 Roslev;5.415;4.380;5.396;4.275;3.972;5.725;4.280;4.606
Parcel- og rækkehuse;7884 Fur;0;0;0;0;0;0;0;0
Parcel- og rækkehuse;7900 Nykøbing M;5.687;5.889;5.789;6.678;6.806;6.157;5.097;5.008
Parcel- og rækkehuse;7950 Erslev;0;0;4.692;4.924;0;0;0;0
Parcel- og rækkehuse;7960 Karby;0;0;0;0;0;0;0;0
Parcel- og rækkehuse;7970 Redsted M;0;0;0;0;0;0;0;0
Parcel- og rækkehuse;7980 Vils;0;0;0;0;0;0;3.793;0
Parcel- og rækkehuse;7990 Øster Assels;0;0;0;0;0;0;0;0
Parcel- og rækkehuse;8000 Århus C;29.310;23.787;26.692;35.152;23.273;29.148;25.799;23.577
Parcel- og rækkehuse;8200 Århus N;21.324;21.261;20.983;19.670;19.967;20.927;21.975;20.262
Parcel- og rækkehuse;8210 Århus V;17.124;17.831;18.427;18.138;17.589;18.233;17.395;18.199
Parcel- og rækkehuse;8220 Brabrand;17.591;17.274;17.438;16.616;19.246;19.479;17.772;17.259
Parcel- og rækkehuse;8230 Åbyhøj;18.808;20.448;20.963;21.106;19.155;21.352;20.390;21.827
Parcel- og rækkehuse;8240 Risskov;21.085;23.550;21.824;25.675;24.227;21.853;23.234;22.758
Parcel- og rækkehuse;8245 Risskov Ø;0;0;0;0;0;0;0;0
Parcel- og rækkehuse;8250 Egå;17.341;18.540;20.555;18.121;19.623;21.698;19.158;17.769
Parcel- og rækkehuse;8260 Viby J;18.103;18.806;19.612;18.479;19.675;20.307;20.250;17.887
Parcel- og rækkehuse;8270 Højbjerg;19.859;20.113;20.790;21.522;21.833;21.727;21.720;20.791
Parcel- og rækkehuse;8300 Odder;11.318;12.456;13.002;11.890;11.860;12.776;13.232;11.118
Parcel- og rækkehuse;8305 Samsø;6.649;5.965;7.082;6.717;5.627;6.117;7.756;8.081
Parcel- og rækkehuse;8310 Tranbjerg J;15.811;17.026;16.390;17.124;15.953;16.493;16.658;16.256
Parcel- og rækkehuse;8320 Mårslet;16.452;17.494;16.858;17.414;16.568;16.901;17.178;15.731
Parcel- og rækkehuse;8330 Beder;16.473;16.189;17.182;21.677;16.538;0;0;20.934
Parcel- og rækkehuse;8340 Malling;11.762;12.407;13.940;16.136;14.313;13.328;11.973;0
Parcel- og rækkehuse;8350 Hundslund;0;0;0;0;0;0;0;0
Parcel- og rækkehuse;8355 Solbjerg;14.248;13.011;13.081;13.524;15.780;0;0;16.475
Parcel- og rækkehuse;8361 Hasselager;14.369;14.657;15.375;14.961;15.448;15.881;16.140;15.603
Parcel- og rækkehuse;8362 Hørning;12.707;13.706;14.827;15.073;14.927;14.510;14.783;12.402
Parcel- og rækkehuse;8370 Hadsten;12.082;11.260;12.237;11.755;11.396;13.570;12.662;10.219
Parcel- og rækkehuse;8380 Trige;0;0;0;13.818;11.095;0;0;0
Parcel- og rækkehuse;8381 Tilst;15.130;14.723;14.751;15.038;14.392;15.034;15.221;15.862
Parcel- og rækkehuse;8382 Hinnerup;14.462;15.166;13.405;14.626;13.966;13.675;14.681;14.262
Parcel- og rækkehuse;8400 Ebeltoft;11.015;11.907;11.096;10.116;10.783;11.648;11.225;11.138
Parcel- og rækkehuse;8410 Rønde;11.286;12.118;12.799;10.055;10.492;11.178;12.075;13.705
Parcel- og rækkehuse;8420 Knebel;8.354;0;0;0;0;0;0;0
Parcel- og rækkehuse;8444 Balle;0;0;0;0;0;0;0;0
Parcel- og rækkehuse;8450 Hammel;10.743;11.171;10.599;11.990;10.053;11.156;12.084;11.373
Parcel- og rækkehuse;8462 Harlev J;0;11.329;13.259;13.368;12.275;16.170;12.805;13.507
Parcel- og rækkehuse;8464 Galten;12.370;12.443;12.584;12.823;12.981;13.071;11.695;11.967
Parcel- og rækkehuse;8471 Sabro;13.499;11.806;13.852;12.802;12.975;14.836;12.460;13.991
Parcel- og rækkehuse;8472 Sporup;0;0;0;0;0;0;0;0
Parcel- og rækkehuse;8500 Grenaa;8.261;9.484;9.097;8.814;8.502;7.993;9.148;8.241
Parcel- og rækkehuse;8520 Lystrup;15.159;15.412;18.167;16.695;16.843;17.791;16.752;17.332
Parcel- og rækkehuse;8530 Hjortshøj;0;0;16.622;14.191;0;0;13.476;12.409
Parcel- og rækkehuse;8541 Skødstrup;14.607;14.003;15.842;14.746;16.228;15.364;15.609;14.690
Parcel- og rækkehuse;8543 Hornslet;12.254;10.787;13.132;12.400;13.951;12.869;13.706;11.670
Parcel- og rækkehuse;8544 Mørke;7.806;0;0;9.066;8.728;7.608;7.988;8.800
Parcel- og rækkehuse;8550 Ryomgård;0;0;8.307;11.236;0;0;7.317;8.952
Parcel- og rækkehuse;8560 Kolind;0;0;6.773;7.196;0;0;0;0
Parcel- og rækkehuse;8570 Trustrup;0;0;0;0;0;0;0;0
Parcel- og rækkehuse;8581 Nimtofte;0;0;0;0;0;0;0;0
Parcel- og rækkehuse;8585 Glesborg;6.766;6.286;0;0;7.969;0;0;7.635
Parcel- og rækkehuse;8586 Ørum Djurs;0;0;0;0;0;0;0;0
Parcel- og rækkehuse;8592 Anholt;0;0;0;0;0;0;0;0
Parcel- og rækkehuse;8600 Silkeborg;13.155;14.240;13.540;13.925;13.977;12.766;13.317;13.635
Parcel- og rækkehuse;8620 Kjellerup;7.487;8.458;8.447;6.780;7.981;9.235;8.546;6.783
Parcel- og rækkehuse;8632 Lemming;0;0;0;0;0;0;0;0
Parcel- og rækkehuse;8641 Sorring;0;0;0;0;8.975;0;0;0
Parcel- og rækkehuse;8643 Ans By;0;0;0;8.127;0;0;0;0
Parcel- og rækkehuse;8653 Them;0;0;11.186;9.650;0;0;0;0
Parcel- og rækkehuse;8654 Bryrup;0;0;0;0;0;0;0;0
Parcel- og rækkehuse;8660 Skanderborg;14.784;15.431;12.920;15.651;15.199;15.003;13.482;13.987
Parcel- og rækkehuse;8670 Låsby;0;0;0;0;0;0;0;0
Parcel- og rækkehuse;8680 Ry;16.196;12.555;13.720;13.863;14.680;13.608;13.975;14.362
Parcel- og rækkehuse;8700 Horsens;10.938;11.310;11.317;11.752;11.303;10.927;11.170;11.370
Parcel- og rækkehuse;8721 Daugård;0;0;0;0;0;0;0;0
Parcel- og rækkehuse;8722 Hedensted;10.419;11.286;11.471;11.076;9.737;10.486;12.178;11.142
Parcel- og rækkehuse;8723 Løsning;8.713;8.582;10.038;9.822;10.436;10.161;9.088;9.105
Parcel- og rækkehuse;8732 Hovedgård;0;0;0;10.110;10.648;11.632;9.635;10.286
Parcel- og rækkehuse;8740 Brædstrup;8.422;7.928;8.950;6.909;8.080;9.108;8.851;6.681
Parcel- og rækkehuse;8751 Gedved;0;0;0;0;0;0;0;0
Parcel- og rækkehuse;8752 Østbirk;0;0;8.447;0;0;0;0;0
Parcel- og rækkehuse;8762 Flemming;0;0;0;0;0;0;0;0
Parcel- og rækkehuse;8763 Rask Mølle;0;0;0;0;0;0;0;0
Parcel- og rækkehuse;8765 Klovborg;0;0;0;0;0;0;0;0
Parcel- og rækkehuse;8766 Nørre Snede;0;0;0;7.430;0;0;0;0
Parcel- og rækkehuse;8781 Stenderup;0;0;0;0;0;0;0;0
Parcel- og rækkehuse;8783 Hornsyld;11.137;8.792;9.494;0;0;0;0;0
Parcel- og rækkehuse;8800 Viborg;11.537;11.852;11.091;11.707;10.865;11.194;10.956;10.088
Parcel- og rækkehuse;8830 Tjele;7.946;7.565;8.452;7.022;6.714;7.066;7.537;7.843
Parcel- og rækkehuse;8831 Løgstrup;0;0;10.137;0;0;0;0;0
Parcel- og rækkehuse;8832 Skals;0;0;5.460;0;0;0;5.740;0
Parcel- og rækkehuse;8840 Rødkærsbro;0;0;0;0;0;0;0;0
Parcel- og rækkehuse;8850 Bjerringbro;8.145;9.243;9.744;8.998;7.734;7.220;8.752;7.345
Parcel- og rækkehuse;8860 Ulstrup;8.976;7.621;7.811;9.148;0;0;7.253;7.095
Parcel- og rækkehuse;8870 Langå;9.604;8.627;8.162;8.697;9.743;7.665;10.557;8.998
Parcel- og rækkehuse;8881 Thorsø;7.879;9.192;0;0;0;0;0;0
Parcel- og rækkehuse;8882 Fårvang;0;0;0;0;0;0;0;0
Parcel- og rækkehuse;8883 Gjern;0;0;0;0;0;0;0;0
Parcel- og rækkehuse;8900 Randers C;0;0;0;0;0;0;0;0
Parcel- og rækkehuse;8920 Randers NV;10.020;11.009;10.307;11.150;11.451;9.880;10.575;10.374
Parcel- og rækkehuse;8930 Randers NØ;10.775;10.143;9.159;9.954;8.931;9.081;10.741;9.243
Parcel- og rækkehuse;8940 Randers SV;9.752;10.129;9.149;10.065;10.516;11.392;10.494;11.677
Parcel- og rækkehuse;8950 Ørsted;0;5.016;5.538;0;0;0;0;0
Parcel- og rækkehuse;8960 Randers SØ;10.103;9.925;10.264;11.595;9.703;10.448;11.063;11.254
Parcel- og rækkehuse;8961 Allingåbro;0;0;7.001;7.594;6.912;5.859;6.973;0
Parcel- og rækkehuse;8963 Auning;7.251;6.928;8.266;7.635;7.647;7.193;0;0
Parcel- og rækkehuse;8970 Havndal;0;0;0;0;0;0;0;6.292
Parcel- og rækkehuse;8981 Spentrup;7.923;8.878;8.502;7.498;9.084;8.345;9.735;7.336
Parcel- og rækkehuse;8983 Gjerlev J;5.103;5.580;4.956;0;0;7.565;6.356;6.424
Parcel- og rækkehuse;8990 Fårup;0;0;0;0;6.291;0;0;6.799
Parcel- og rækkehuse;9000 Aalborg;14.783;15.067;14.740;15.673;14.260;15.707;16.268;15.875
Parcel- og rækkehuse;9200 Aalborg SV;12.260;13.644;11.947;11.926;12.173;11.775;12.894;12.905
Parcel- og rækkehuse;9210 Aalborg SØ;13.301;13.709;12.900;13.966;12.936;12.609;12.639;12.323
Parcel- og rækkehuse;9220 Aalborg Øst;10.152;9.838;11.527;10.251;11.576;11.177;10.932;11.079
Parcel- og rækkehuse;9230 Svenstrup J;11.064;10.480;11.304;12.077;9.375;11.113;11.455;10.392
Parcel- og rækkehuse;9240 Nibe;8.533;9.762;9.051;8.421;8.566;9.524;9.078;9.021
Parcel- og rækkehuse;9260 Gistrup;12.661;10.378;10.611;13.000;11.269;11.509;14.236;9.313
Parcel- og rækkehuse;9270 Klarup;11.770;11.186;9.612;12.350;11.619;10.702;11.594;9.762
Parcel- og rækkehuse;9280 Storvorde;7.420;7.377;8.593;8.576;8.290;8.571;9.547;8.192
Parcel- og rækkehuse;9293 Kongerslev;0;0;0;0;0;0;0;0
Parcel- og rækkehuse;9300 Sæby;8.854;8.163;9.478;8.309;7.921;6.789;7.837;8.471
Parcel- og rækkehuse;9310 Vodskov;9.266;9.568;9.757;9.060;10.584;10.532;9.371;10.268
Parcel- og rækkehuse;9320 Hjallerup;6.844;6.989;7.111;6.686;7.675;8.268;8.780;8.062
Parcel- og rækkehuse;9330 Dronninglund;8.875;4.846;6.658;6.937;6.299;5.031;6.492;6.273
Parcel- og rækkehuse;9340 Asaa;0;0;0;0;0;0;0;0
Parcel- og rækkehuse;9352 Dybvad;0;0;0;0;0;0;0;0
Parcel- og rækkehuse;9362 Gandrup;0;0;0;6.699;9.889;0;0;0
Parcel- og rækkehuse;9370 Hals;8.489;7.764;6.681;7.959;7.606;6.785;8.270;7.661
Parcel- og rækkehuse;9380 Vestbjerg;0;0;8.984;12.513;0;0;0;12.231
Parcel- og rækkehuse;9381 Sulsted;0;0;0;8.003;0;0;0;0
Parcel- og rækkehuse;9382 Tylstrup;0;0;0;0;0;0;4.599;0
Parcel- og rækkehuse;9400 Nørresundby;11.245;11.213;12.887;12.009;12.568;11.102;12.141;11.445
Parcel- og rækkehuse;9430 Vadum;9.491;8.659;7.393;9.760;8.606;7.503;6.945;8.595
Parcel- og rækkehuse;9440 Aabybro;9.041;9.145;8.946;8.587;9.828;8.565;9.585;8.362
Parcel- og rækkehuse;9460 Brovst;5.802;5.076;5.877;6.172;5.582;5.836;4.876;5.483
Parcel- og rækkehuse;9480 Løkken;0;0;14.244;6.728;8.066;8.385;6.705;6.009
Parcel- og rækkehuse;9490 Pandrup;6.305;6.063;6.592;6.049;6.499;5.410;6.794;7.127
Parcel- og rækkehuse;9492 Blokhus;0;0;0;15.420;0;0;0;0
Parcel- og rækkehuse;9493 Saltum;0;0;0;0;0;0;0;0
Parcel- og rækkehuse;9500 Hobro;7.288;9.157;8.154;7.471;7.778;7.291;8.199;6.903
Parcel- og rækkehuse;9510 Arden;5.301;5.865;6.344;6.933;5.627;0;0;4.615
Parcel- og rækkehuse;9520 Skørping;7.935;8.496;6.653;10.405;9.278;7.283;6.768;9.397
Parcel- og rækkehuse;9530 Støvring;12.398;10.906;9.835;10.905;11.115;10.812;11.104;9.616
Parcel- og rækkehuse;9541 Suldrup;0;0;0;6.354;6.291;5.073;0;0
Parcel- og rækkehuse;9550 Mariager;0;8.207;7.232;7.234;8.406;6.785;9.008;8.237
Parcel- og rækkehuse;9560 Hadsund;7.628;7.519;7.614;8.482;8.102;7.057;7.316;6.617
Parcel- og rækkehuse;9574 Bælum;0;0;0;0;0;0;0;0
Parcel- og rækkehuse;9575 Terndrup;0;5.612;5.219;0;0;0;7.308;0
Parcel- og rækkehuse;9600 Aars;7.666;7.859;8.537;8.455;8.840;6.794;7.399;6.258
Parcel- og rækkehuse;9610 Nørager;0;0;0;6.104;4.410;5.110;4.372;5.909
Parcel- og rækkehuse;9620 Aalestrup;4.689;5.300;5.251;5.281;4.901;0;0;0
Parcel- og rækkehuse;9631 Gedsted;0;0;0;0;0;0;0;0
Parcel- og rækkehuse;9632 Møldrup;5.593;0;0;0;0;6.358;0;0
Parcel- og rækkehuse;9640 Farsø;5.348;6.172;4.323;6.479;6.213;5.087;6.296;5.944
Parcel- og rækkehuse;9670 Løgstør;6.246;5.415;6.398;4.839;5.415;5.416;5.098;5.609
Parcel- og rækkehuse;9681 Ranum;0;0;0;0;0;0;0;0
Parcel- og rækkehuse;9690 Fjerritslev;5.580;6.170;5.899;6.493;5.719;5.196;6.732;5.215
Parcel- og rækkehuse;9700 Brønderslev;7.877;8.103;6.965;7.774;5.885;6.841;7.569;8.022
Parcel- og rækkehuse;9740 Jerslev J;0;0;0;0;0;5.171;0;0
Parcel- og rækkehuse;9750 Østervrå;0;0;0;0;0;0;2.308;0
Parcel- og rækkehuse;9760 Vrå;5.480;5.025;4.678;4.859;5.361;6.703;4.654;5.047
Parcel- og rækkehuse;9800 Hjørring;8.086;8.621;8.752;8.373;9.099;8.475;8.510;7.789
Parcel- og rækkehuse;9830 Tårs;0;0;0;4.611;0;0;0;0
Parcel- og rækkehuse;9850 Hirtshals;7.049;5.954;6.470;8.038;8.118;6.650;8.686;5.809
Parcel- og rækkehuse;9870 Sindal;6.227;4.966;6.694;5.349;7.024;6.204;5.410;5.807
Parcel- og rækkehuse;9881 Bindslev;0;0;0;0;6.416;0;0;4.258
Parcel- og rækkehuse;9900 Frederikshavn;8.563;7.868;7.886;7.694;7.532;7.675;8.048;7.775
Parcel- og rækkehuse;9940 Læsø;0;0;0;0;0;0;0;0
Parcel- og rækkehuse;9970 Strandby;0;0;0;7.828;0;0;0;0
Parcel- og rækkehuse;9981 Jerup;0;0;0;5.653;0;0;0;0
Parcel- og rækkehuse;9982 Ålbæk;0;0;0;0;0;0;0;0
Parcel- og rækkehuse;9990 Skagen;18.279;15.296;14.743;22.072;11.185;13.085;20.554;16.424
Ejerlejligheder;1000 København K;26.644;27.631;30.467;30.662;28.413;29.550;28.809;27.569
Ejerlejligheder;1500 København V;23.623;24.788;25.446;25.846;25.766;24.187;26.288;26.234
Ejerlejligheder;1800 Frederiksberg C;25.590;26.607;27.614;27.646;27.647;28.988;29.869;27.290
Ejerlejligheder;2000 Frederiksberg;23.170;23.368;24.458;25.820;24.801;26.182;25.652;24.644
Ejerlejligheder;2100 København Ø;23.856;24.725;25.563;25.601;26.429;26.067;26.217;24.826
Ejerlejligheder;2200 København N;20.621;21.201;21.683;20.918;22.068;22.945;23.172;21.514
Ejerlejligheder;2300 København S;20.870;21.657;22.712;22.832;22.272;23.019;22.147;21.472
Ejerlejligheder;2400 København NV;16.357;17.442;18.266;18.354;17.464;17.522;17.766;16.759
Ejerlejligheder;2450 København SV;21.110;23.426;23.456;24.023;23.652;22.711;22.637;20.239
Ejerlejligheder;2500 Valby;18.380;18.787;19.364;19.381;19.706;20.582;19.414;18.106
Ejerlejligheder;2600 Glostrup;16.408;15.724;16.085;16.073;14.932;15.704;16.665;14.505
Ejerlejligheder;2605 Brøndby;0;0;0;0;0;0;0;0
Ejerlejligheder;2610 Rødovre;17.024;17.522;16.001;17.232;17.277;15.747;14.590;14.874
Ejerlejligheder;2620 Albertslund;0;0;0;16.053;15.339;0;0;0
Ejerlejligheder;2625 Vallensbæk;0;0;0;0;0;0;0;0
Ejerlejligheder;2630 Taastrup;13.948;15.531;14.554;14.237;14.118;13.999;13.856;12.750
Ejerlejligheder;2633 Returpost;0;0;0;0;0;0;0;0
Ejerlejligheder;2635 Ishøj;13.142;14.140;14.798;12.148;12.854;12.376;13.603;12.080
Ejerlejligheder;2640 Hedehusene;0;13.415;14.284;13.248;0;0;0;12.893
Ejerlejligheder;2650 Hvidovre;15.772;16.998;17.436;15.745;16.077;15.831;14.079;14.311
Ejerlejligheder;2660 Brøndby Strand;0;0;0;0;0;0;0;0
Ejerlejligheder;2665 Vallensbæk Strand;11.911;12.736;13.399;14.274;13.400;13.423;12.162;11.675
Ejerlejligheder;2670 Greve;19.664;18.013;18.041;17.625;18.508;19.813;18.711;17.457
Ejerlejligheder;2680 Solrød Strand;17.576;17.620;17.483;16.153;17.467;16.395;15.721;16.979
Ejerlejligheder;2690 Karlslunde;0;0;0;0;0;0;0;0
Ejerlejligheder;2700 Brønshøj;15.374;16.823;16.173;17.088;16.448;16.534;16.133;16.233
Ejerlejligheder;2720 Vanløse;17.600;18.931;19.140;18.884;18.731;18.442;18.652;17.517
Ejerlejligheder;2730 Herlev;19.173;19.258;17.167;20.875;16.823;17.280;18.449;18.060
Ejerlejligheder;2740 Skovlunde;0;0;0;0;0;0;0;0
Ejerlejligheder;2750 Ballerup;0;0;0;18.669;19.295;20.259;17.295;15.529
Ejerlejligheder;2760 Måløv;0;0;0;0;0;0;18.658;0
Ejerlejligheder;2765 Smørum;15.672;0;0;0;14.905;0;0;0
Ejerlejligheder;2770 Kastrup;17.211;18.374;18.143;18.052;18.064;18.510;19.312;19.927
Ejerlejligheder;2791 Dragør;22.341;0;0;0;25.563;0;0;0
Ejerlejligheder;2800 Kongens Lyngby;20.642;19.645;22.333;19.697;21.506;21.935;21.777;19.973
Ejerlejligheder;2820 Gentofte;17.833;18.510;21.930;19.889;22.002;18.239;19.363;20.138
Ejerlejligheder;2830 Virum;18.003;17.617;17.703;17.972;20.161;18.569;18.653;17.784
Ejerlejligheder;2840 Holte;23.591;21.115;23.851;23.223;23.826;21.504;23.168;22.952
Ejerlejligheder;2850 Nærum;0;0;19.185;17.562;16.410;18.853;16.469;0
Ejerlejligheder;2860 Søborg;17.631;18.716;18.913;18.550;17.537;19.925;16.646;17.026
Ejerlejligheder;2870 Dyssegård;16.192;16.453;15.590;16.135;16.286;16.463;18.173;14.844
Ejerlejligheder;2880 Bagsværd;0;16.394;19.168;18.973;17.869;17.289;17.911;15.539
Ejerlejligheder;2900 Hellerup;28.605;27.448;28.914;28.623;31.705;31.568;33.682;27.050
Ejerlejligheder;2920 Charlottenlund;25.769;24.834;24.973;24.813;25.581;25.348;25.349;24.834
Ejerlejligheder;2930 Klampenborg;0;0;0;0;0;0;0;0
Ejerlejligheder;2942 Skodsborg;0;0;0;0;37.222;33.724;0;0
Ejerlejligheder;2950 Vedbæk;0;0;0;0;0;0;0;0
Ejerlejligheder;2960 Rungsted Kyst;0;0;0;0;0;0;0;0
Ejerlejligheder;2970 Hørsholm;18.012;18.654;20.473;16.318;20.012;21.174;18.488;20.023
Ejerlejligheder;2980 Kokkedal;11.551;13.469;11.039;0;0;10.426;10.180;10.464
Ejerlejligheder;2990 Nivå;0;0;0;0;0;0;0;0
Ejerlejligheder;3000 Helsingør;15.896;15.118;16.971;17.097;15.121;17.853;15.117;13.355
Ejerlejligheder;3050 Humlebæk;0;0;0;0;0;0;0;0
Ejerlejligheder;3060 Espergærde;14.195;21.831;16.594;12.739;18.033;15.349;15.363;0
Ejerlejligheder;3070 Snekkersten;0;0;0;0;0;0;0;0
Ejerlejligheder;3080 Tikøb;0;0;0;0;0;0;0;0
Ejerlejligheder;3100 Hornbæk;0;0;0;0;0;0;0;0
Ejerlejligheder;3120 Dronningmølle;0;0;0;0;0;0;0;0
Ejerlejligheder;3140 Ålsgårde;0;0;0;0;0;0;0;0
Ejerlejligheder;3150 Hellebæk;0;0;0;0;0;0;0;0
Ejerlejligheder;3200 Helsinge;0;0;0;0;0;0;0;0
Ejerlejligheder;3210 Vejby;0;0;0;0;0;0;0;0
Ejerlejligheder;3220 Tisvildeleje;0;0;0;0;0;0;0;0
Ejerlejligheder;3230 Græsted;0;0;0;0;0;0;0;0
Ejerlejligheder;3250 Gilleleje;0;0;0;0;0;0;0;0
Ejerlejligheder;3300 Frederiksværk;0;0;0;0;0;0;0;0
Ejerlejligheder;3310 Ølsted;0;0;0;0;0;0;0;0
Ejerlejligheder;3320 Skævinge;0;0;0;0;0;0;0;0
Ejerlejligheder;3330 Gørløse;0;0;0;0;0;0;0;0
Ejerlejligheder;3360 Liseleje;0;0;0;0;0;0;0;0
Ejerlejligheder;3370 Melby;0;0;0;0;0;0;0;0
Ejerlejligheder;3390 Hundested;0;0;0;0;0;0;0;0
Ejerlejligheder;3400 Hillerød;16.984;17.722;17.646;16.964;18.028;16.871;16.277;15.276
Ejerlejligheder;3450 Allerød;0;0;19.534;0;0;22.251;0;0
Ejerlejligheder;3460 Birkerød;20.777;20.463;21.411;23.223;20.281;19.766;19.798;17.664
Ejerlejligheder;3480 Fredensborg;0;0;0;17.061;0;0;0;0
Ejerlejligheder;3490 Kvistgård;0;0;0;0;0;0;0;0
Ejerlejligheder;3500 Værløse;19.066;17.138;19.151;18.672;18.295;17.766;0;0
Ejerlejligheder;3520 Farum;16.758;16.338;17.998;17.529;16.528;19.910;17.233;17.582
Ejerlejligheder;3540 Lynge;0;0;0;0;0;0;0;0
Ejerlejligheder;3550 Slangerup;0;0;0;0;0;0;0;0
Ejerlejligheder;3600 Frederikssund;0;0;17.779;0;0;17.810;0;0
Ejerlejligheder;3630 Jægerspris;0;0;0;0;0;0;0;0
Ejerlejligheder;3650 Ølstykke;0;0;0;0;0;0;0;0
Ejerlejligheder;3660 Stenløse;0;0;0;0;0;0;0;0
Ejerlejligheder;3670 Veksø Sjælland;0;0;0;0;0;0;0;0
Ejerlejligheder;3700 Rønne;0;0;0;0;0;0;0;0
Ejerlejligheder;3720 Aakirkeby;0;0;0;0;0;0;0;6.173
Ejerlejligheder;3730 Nexø;0;0;0;0;0;0;0;0
Ejerlejligheder;3740 Svaneke;0;0;0;0;0;0;0;0
Ejerlejligheder;3751 Østermarie;0;0;0;0;0;0;0;0
Ejerlejligheder;3760 Gudhjem;0;0;0;0;0;0;0;0
Ejerlejligheder;3770 Allinge;0;0;0;13.821;0;0;0;0
Ejerlejligheder;3782 Klemensker;0;0;0;0;0;0;0;0
Ejerlejligheder;3790 Hasle;0;0;0;0;0;0;0;0
Ejerlejligheder;4000 Roskilde;16.990;17.961;17.678;17.692;17.782;18.572;18.452;17.066
Ejerlejligheder;4030 Tune;0;0;0;0;0;0;0;0
Ejerlejligheder;4040 Jyllinge;0;0;0;0;0;0;0;0
Ejerlejligheder;4050 Skibby;0;0;0;0;0;0;0;0
Ejerlejligheder;4060 Kirke Såby;0;0;0;0;0;0;0;0
Ejerlejligheder;4070 Kirke Hyllinge;0;0;0;0;0;0;0;0
Ejerlejligheder;4100 Ringsted;0;12.518;9.955;10.248;12.651;13.206;9.849;9.388
Ejerlejligheder;4105 Ringsted;0;0;0;0;0;0;0;0
Ejerlejligheder;4130 Viby Sjælland;0;0;0;0;0;0;0;0
Ejerlejligheder;4140 Borup;0;0;0;0;0;0;0;0
Ejerlejligheder;4160 Herlufmagle;0;0;0;0;0;0;0;0
Ejerlejligheder;4171 Glumsø;0;0;0;0;0;0;0;0
Ejerlejligheder;4173 Fjenneslev;0;0;0;0;0;0;0;0
Ejerlejligheder;4174 Jystrup Midtsj;0;0;0;0;0;0;0;0
Ejerlejligheder;4180 Sorø;0;0;11.788;0;0;0;0;0
Ejerlejligheder;4190 Munke Bjergby;0;0;0;0;0;0;0;0
Ejerlejligheder;4200 Slagelse;10.782;12.120;11.068;11.148;10.596;10.948;10.819;10.006
Ejerlejligheder;4220 Korsør;8.225;7.997;6.292;8.530;5.835;8.248;0;0
Ejerlejligheder;4230 Skælskør;0;0;0;0;0;0;0;0
Ejerlejligheder;4241 Vemmelev;0;0;0;0;0;0;0;0
Ejerlejligheder;4242 Boeslunde;0;0;0;0;0;0;0;0
Ejerlejligheder;4243 Rude;0;0;0;0;0;0;0;0
Ejerlejligheder;4250 Fuglebjerg;0;0;0;0;0;0;0;0
Ejerlejligheder;4261 Dalmose;0;0;0;0;0;0;0;0
Ejerlejligheder;4262 Sandved;0;0;0;0;0;0;0;0
Ejerlejligheder;4270 Høng;0;0;0;0;0;0;0;0
Ejerlejligheder;4281 Gørlev;0;0;0;0;0;0;0;0
Ejerlejligheder;4291 Ruds Vedby;0;0;0;0;0;0;0;0
Ejerlejligheder;4293 Dianalund;0;0;0;0;0;0;0;0
Ejerlejligheder;4295 Stenlille;0;0;0;0;0;0;0;0
Ejerlejligheder;4296 Nyrup;0;0;0;0;0;0;0;0
Ejerlejligheder;4300 Holbæk;0;0;0;14.878;20.463;0;0;18.386
Ejerlejligheder;4320 Lejre;0;0;0;0;0;0;0;0
Ejerlejligheder;4330 Hvalsø;0;0;0;0;0;0;0;0
Ejerlejligheder;4340 Tølløse;0;0;0;0;0;0;0;0
Ejerlejligheder;4350 Ugerløse;0;0;0;0;0;0;0;0
Ejerlejligheder;4360 Kirke Eskilstrup;0;0;0;0;0;0;0;0
Ejerlejligheder;4370 Store Merløse;0;0;0;0;0;0;0;0
Ejerlejligheder;4390 Vipperød;0;0;0;0;0;0;0;0
Ejerlejligheder;4400 Kalundborg;0;0;0;0;0;0;0;0
Ejerlejligheder;4420 Regstrup;0;0;0;0;0;0;0;0
Ejerlejligheder;4440 Mørkøv;0;0;0;0;0;0;0;0
Ejerlejligheder;4450 Jyderup;0;0;0;0;0;0;0;0
Ejerlejligheder;4460 Snertinge;0;0;0;0;0;0;0;0
Ejerlejligheder;4470 Svebølle;0;0;0;0;0;0;0;0
Ejerlejligheder;4480 Store Fuglede;0;0;0;0;0;0;0;0
Ejerlejligheder;4490 Jerslev Sjælland;0;0;0;0;0;0;0;0
Ejerlejligheder;4500 Nykøbing Sj;0;0;0;0;0;0;0;0
Ejerlejligheder;4520 Svinninge;0;0;0;0;0;0;0;0
Ejerlejligheder;4532 Gislinge;0;0;0;0;0;0;0;0
Ejerlejligheder;4534 Hørve;0;0;0;0;0;0;0;0
Ejerlejligheder;4540 Fårevejle;0;0;0;0;0;0;0;0
Ejerlejligheder;4550 Asnæs;0;0;0;0;0;0;0;0
Ejerlejligheder;4560 Vig;0;0;0;0;0;0;0;0
Ejerlejligheder;4571 Grevinge;0;0;0;0;0;0;0;0
Ejerlejligheder;4572 Nørre Asmindrup;0;0;0;0;0;0;0;0
Ejerlejligheder;4573 Højby;0;0;0;0;0;0;0;0
Ejerlejligheder;4581 Rørvig;0;0;0;0;0;0;0;0
Ejerlejligheder;4583 Sjællands Odde;0;0;0;0;0;0;0;0
Ejerlejligheder;4591 Føllenslev;0;0;0;0;0;0;0;0
Ejerlejligheder;4592 Sejerø;0;0;0;0;0;0;0;0
Ejerlejligheder;4593 Eskebjerg;0;0;0;0;0;0;0;0
Ejerlejligheder;4600 Køge;16.410;20.006;17.200;17.312;16.415;15.188;17.816;15.934
Ejerlejligheder;4621 Gadstrup;0;0;0;0;0;0;0;0
Ejerlejligheder;4622 Havdrup;0;0;0;0;0;0;0;0
Ejerlejligheder;4623 Lille Skensved;0;0;0;0;0;0;0;0
Ejerlejligheder;4632 Bjæverskov;0;0;0;0;0;0;0;0
Ejerlejligheder;4640 Faxe;0;0;0;0;0;0;0;0
Ejerlejligheder;4652 Hårlev;0;0;0;0;0;0;0;0
Ejerlejligheder;4653 Karise;0;0;0;0;0;0;0;0
Ejerlejligheder;4654 Faxe Ladeplads;0;0;0;0;0;0;0;0
Ejerlejligheder;4660 Store Heddinge;0;0;0;0;0;0;0;0
Ejerlejligheder;4671 Strøby;0;0;0;0;0;0;0;0
Ejerlejligheder;4672 Klippinge;0;0;0;0;0;0;0;0
Ejerlejligheder;4673 Rødvig Stevns;0;0;0;0;0;0;0;0
Ejerlejligheder;4681 Herfølge;0;0;0;0;0;0;0;0
Ejerlejligheder;4682 Tureby;0;0;0;0;0;0;0;0
Ejerlejligheder;4683 Rønnede;0;0;0;0;0;0;0;0
Ejerlejligheder;4684 Holmegaard;0;0;0;0;0;0;0;0
Ejerlejligheder;4690 Haslev;0;0;0;0;0;0;0;0
Ejerlejligheder;4700 Næstved;11.638;11.337;11.141;11.244;10.632;9.347;10.777;9.654
Ejerlejligheder;4720 Præstø;0;0;0;0;0;0;0;0
Ejerlejligheder;4733 Tappernøje;0;0;0;0;0;0;0;0
Ejerlejligheder;4735 Mern;0;0;0;0;0;0;0;0
Ejerlejligheder;4736 Karrebæksminde;0;0;0;0;0;0;0;0
Ejerlejligheder;4750 Lundby;0;0;0;0;0;0;0;0
Ejerlejligheder;4760 Vordingborg;0;0;0;0;0;0;0;0
Ejerlejligheder;4771 Kalvehave;0;0;0;0;0;0;0;0
Ejerlejligheder;4772 Langebæk;0;0;0;0;0;0;0;0
Ejerlejligheder;4773 Stensved;0;0;0;0;0;0;0;0
Ejerlejligheder;4780 Stege;0;0;0;0;0;0;0;0
Ejerlejligheder;4791 Borre;0;0;0;0;0;0;0;0
Ejerlejligheder;4792 Askeby;0;0;0;0;0;0;0;0
Ejerlejligheder;4793 Bogø By;0;0;0;0;0;0;0;0
Ejerlejligheder;4800 Nykøbing F;10.274;10.462;0;0;0;0;0;0
Ejerlejligheder;4840 Nørre Alslev;0;0;0;0;0;0;0;0
Ejerlejligheder;4850 Stubbekøbing;0;0;0;0;0;0;0;0
Ejerlejligheder;4862 Guldborg;0;0;0;0;0;0;0;0
Ejerlejligheder;4863 Eskilstrup;0;0;0;0;0;0;0;0
Ejerlejligheder;4871 Horbelev;0;0;0;0;0;0;0;0
Ejerlejligheder;4872 Idestrup;0;0;0;0;0;0;0;0
Ejerlejligheder;4873 Væggerløse;0;0;0;0;0;0;0;0
Ejerlejligheder;4874 Gedser;0;0;0;0;0;0;0;0
Ejerlejligheder;4880 Nysted;0;0;0;0;0;0;0;0
Ejerlejligheder;4891 Toreby L;0;0;0;0;0;0;0;0
Ejerlejligheder;4892 Kettinge;0;0;0;0;0;0;0;0
Ejerlejligheder;4894 Øster Ulslev;0;0;0;0;0;0;0;0
Ejerlejligheder;4895 Errindlev;0;0;0;0;0;0;0;0
Ejerlejligheder;4900 Nakskov;0;0;0;0;0;0;0;0
Ejerlejligheder;4912 Harpelunde;0;0;0;0;0;0;0;0
Ejerlejligheder;4913 Horslunde;0;0;0;0;0;0;0;0
Ejerlejligheder;4920 Søllested;0;0;0;0;0;0;0;0
Ejerlejligheder;4930 Maribo;0;0;0;0;0;0;0;0
Ejerlejligheder;4941 Bandholm;0;0;0;0;0;0;0;0
Ejerlejligheder;4943 Torrig L;0;0;0;0;0;0;0;0
Ejerlejligheder;4944 Fejø;0;0;0;0;0;0;0;0
Ejerlejligheder;4951 Nørreballe;0;0;0;0;0;0;0;0
Ejerlejligheder;4952 Stokkemarke;0;0;0;0;0;0;0;0
Ejerlejligheder;4953 Vesterborg;0;0;0;0;0;0;0;0
Ejerlejligheder;4960 Holeby;0;0;0;0;0;0;0;0
Ejerlejligheder;4970 Rødby;0;0;0;0;0;0;0;0
Ejerlejligheder;4983 Dannemare;0;0;0;0;0;0;0;0
Ejerlejligheder;4990 Sakskøbing;0;0;0;0;0;0;0;0
Ejerlejligheder;5000 Odense C;14.874;14.542;16.402;15.084;15.327;14.602;15.635;13.982
Ejerlejligheder;5200 Odense V;0;0;0;0;0;0;0;0
Ejerlejligheder;5210 Odense NV;0;0;0;0;0;0;0;0
Ejerlejligheder;5220 Odense SØ;0;0;0;0;0;0;0;0
Ejerlejligheder;5230 Odense M;13.926;0;0;0;15.651;0;13.771;0
Ejerlejligheder;5240 Odense NØ;0;0;0;0;0;0;0;0
Ejerlejligheder;5250 Odense SV;0;11.147;9.351;10.469;9.260;8.849;9.282;9.353
Ejerlejligheder;5260 Odense S;0;11.686;0;0;0;0;0;0
Ejerlejligheder;5270 Odense N;0;0;0;0;0;0;0;0
Ejerlejligheder;5290 Marslev;0;0;0;0;0;0;0;0
Ejerlejligheder;5300 Kerteminde;0;0;0;0;0;0;0;0
Ejerlejligheder;5320 Agedrup;0;0;0;0;0;0;0;0
Ejerlejligheder;5330 Munkebo;0;0;0;0;0;0;0;0
Ejerlejligheder;5350 Rynkeby;0;0;0;0;0;0;0;0
Ejerlejligheder;5370 Mesinge;0;0;0;0;0;0;0;0
Ejerlejligheder;5380 Dalby;0;0;0;0;0;0;0;0
Ejerlejligheder;5390 Martofte;0;0;0;0;0;0;0;0
Ejerlejligheder;5400 Bogense;0;0;0;0;0;0;0;0
Ejerlejligheder;5450 Otterup;0;0;0;0;0;0;0;0
Ejerlejligheder;5462 Morud;0;0;0;0;0;0;0;0
Ejerlejligheder;5463 Harndrup;0;0;0;0;0;0;0;0
Ejerlejligheder;5464 Brenderup Fyn;0;0;0;0;0;0;0;0
Ejerlejligheder;5466 Asperup;0;0;0;0;0;0;0;0
Ejerlejligheder;5471 Søndersø;0;0;0;0;0;0;0;0
Ejerlejligheder;5474 Veflinge;0;0;0;0;0;0;0;0
Ejerlejligheder;5485 Skamby;0;0;0;0;0;0;0;0
Ejerlejligheder;5491 Blommenslyst;0;0;0;0;0;0;0;0
Ejerlejligheder;5492 Vissenbjerg;0;0;0;0;0;0;0;0
Ejerlejligheder;5500 Middelfart;0;0;0;0;0;0;0;0
Ejerlejligheder;5540 Ullerslev;0;0;0;0;0;0;0;0
Ejerlejligheder;5550 Langeskov;0;0;0;0;0;0;0;0
Ejerlejligheder;5560 Aarup;0;0;0;0;0;0;0;0
Ejerlejligheder;5580 Nørre Aaby;0;0;0;0;0;0;0;0
Ejerlejligheder;5591 Gelsted;0;0;0;0;0;0;0;0
Ejerlejligheder;5592 Ejby;0;0;0;0;0;0;0;0
Ejerlejligheder;5600 Faaborg;0;0;15.479;11.126;0;0;0;0
Ejerlejligheder;5610 Assens;0;0;0;0;0;0;0;0
Ejerlejligheder;5620 Glamsbjerg;0;0;0;0;0;0;0;0
Ejerlejligheder;5631 Ebberup;0;0;0;0;0;0;0;0
Ejerlejligheder;5642 Millinge;0;0;0;0;0;0;0;0
Ejerlejligheder;5672 Broby;0;0;0;0;0;0;0;0
Ejerlejligheder;5683 Haarby;0;0;0;0;0;0;0;0
Ejerlejligheder;5690 Tommerup;0;0;0;0;0;0;0;0
Ejerlejligheder;5700 Svendborg;14.428;15.395;0;0;0;0;0;0
Ejerlejligheder;5750 Ringe;0;0;0;0;0;0;0;0
Ejerlejligheder;5762 Vester Skerninge;0;0;0;0;0;0;0;0
Ejerlejligheder;5771 Stenstrup;0;0;0;0;0;0;0;0
Ejerlejligheder;5772 Kværndrup;0;0;0;0;0;0;0;0
Ejerlejligheder;5792 Årslev;0;0;0;0;0;0;0;0
Ejerlejligheder;5800 Nyborg;0;0;0;0;0;0;0;0
Ejerlejligheder;5853 Ørbæk;0;0;0;0;0;0;0;0
Ejerlejligheder;5854 Gislev;0;0;0;0;0;0;0;0
Ejerlejligheder;5856 Ryslinge;0;0;0;0;0;0;0;0
Ejerlejligheder;5863 Ferritslev Fyn;0;0;0;0;0;0;0;0
Ejerlejligheder;5871 Frørup;0;0;0;0;0;0;0;0
Ejerlejligheder;5874 Hesselager;0;0;0;0;0;0;0;0
Ejerlejligheder;5881 Skårup Fyn;0;0;0;0;0;0;0;0
Ejerlejligheder;5882 Vejstrup;0;0;0;0;0;0;0;0
Ejerlejligheder;5883 Oure;0;0;0;0;0;0;0;0
Ejerlejligheder;5884 Gudme;0;0;0;0;0;0;0;0
Ejerlejligheder;5892 Gudbjerg Sydfyn;0;0;0;0;0;0;0;0
Ejerlejligheder;5900 Rudkøbing;0;0;0;0;0;0;0;0
Ejerlejligheder;5932 Humble;0;0;0;0;0;0;0;0
Ejerlejligheder;5935 Bagenkop;0;0;0;0;0;0;0;0
Ejerlejligheder;5953 Tranekær;0;0;0;0;0;0;0;0
Ejerlejligheder;5960 Marstal;0;0;0;0;0;0;0;0
Ejerlejligheder;5970 Ærøskøbing;0;0;0;0;0;0;0;0
Ejerlejligheder;5985 Søby Ærø;0;0;0;0;0;0;0;0
Ejerlejligheder;6000 Kolding;15.934;14.173;14.591;14.584;12.488;13.527;10.934;12.340
Ejerlejligheder;6040 Egtved;0;0;0;0;0;0;0;0
Ejerlejligheder;6051 Almind;0;0;0;0;0;0;0;0
Ejerlejligheder;6052 Viuf;0;0;0;0;0;0;0;0
Ejerlejligheder;6064 Jordrup;0;0;0;0;0;0;0;0
Ejerlejligheder;6070 Christiansfeld;0;0;0;0;0;0;0;0
Ejerlejligheder;6091 Bjert;0;0;0;0;0;0;0;0
Ejerlejligheder;6092 Sønder Stenderup;0;0;0;0;0;0;0;0
Ejerlejligheder;6093 Sjølund;0;0;0;0;0;0;0;0
Ejerlejligheder;6094 Hejls;0;0;0;0;0;0;0;0
Ejerlejligheder;6100 Haderslev;0;0;12.967;11.301;15.575;9.626;10.278;11.435
Ejerlejligheder;6200 Aabenraa;0;0;0;0;0;0;0;13.029
Ejerlejligheder;6230 Rødekro;0;0;0;0;0;0;0;0
Ejerlejligheder;6240 Løgumkloster;0;0;0;0;0;0;0;0
Ejerlejligheder;6261 Bredebro;0;0;0;0;0;0;0;0
Ejerlejligheder;6270 Tønder;0;0;0;0;0;0;0;0
Ejerlejligheder;6280 Højer;0;0;0;0;0;0;0;0
Ejerlejligheder;6300 Gråsten;13.759;0;0;0;0;0;0;0
Ejerlejligheder;6310 Broager;0;0;0;0;0;0;0;0
Ejerlejligheder;6320 Egernsund;0;0;0;0;0;0;0;0
Ejerlejligheder;6330 Padborg;0;0;0;0;0;0;0;0
Ejerlejligheder;6340 Kruså;0;0;0;0;0;0;0;0
Ejerlejligheder;6360 Tinglev;0;0;0;0;0;0;0;0
Ejerlejligheder;6372 Bylderup-Bov;0;0;0;0;0;0;0;0
Ejerlejligheder;6392 Bolderslev;0;0;0;0;0;0;0;0
Ejerlejligheder;6400 Sønderborg;13.140;12.693;11.691;13.339;13.990;14.193;13.262;14.359
Ejerlejligheder;6430 Nordborg;0;0;0;0;0;0;0;0
Ejerlejligheder;6440 Augustenborg;0;0;0;0;0;0;0;0
Ejerlejligheder;6470 Sydals;0;0;0;0;0;0;0;0
Ejerlejligheder;6500 Vojens;0;0;0;0;0;0;0;0
Ejerlejligheder;6510 Gram;0;0;0;0;0;0;0;0
Ejerlejligheder;6520 Toftlund;0;0;0;0;0;0;0;0
Ejerlejligheder;6534 Agerskov;0;0;0;0;0;0;0;0
Ejerlejligheder;6535 Branderup J;0;0;0;0;0;0;0;0
Ejerlejligheder;6541 Bevtoft;0;0;0;0;0;0;0;0
Ejerlejligheder;6560 Sommersted;0;0;0;0;0;0;0;0
Ejerlejligheder;6580 Vamdrup;0;0;0;0;0;0;0;0
Ejerlejligheder;6600 Vejen;0;0;0;0;0;0;0;0
Ejerlejligheder;6621 Gesten;0;0;0;0;0;0;0;0
Ejerlejligheder;6622 Bække;0;0;0;0;0;0;0;0
Ejerlejligheder;6623 Vorbasse;0;0;0;0;0;0;0;0
Ejerlejligheder;6630 Rødding;0;0;0;0;0;0;0;0
Ejerlejligheder;6640 Lunderskov;0;0;0;0;0;0;0;0
Ejerlejligheder;6650 Brørup;0;0;0;0;0;0;0;0
Ejerlejligheder;6660 Lintrup;0;0;0;0;0;0;0;0
Ejerlejligheder;6670 Holsted;0;0;0;0;0;0;0;0
Ejerlejligheder;6682 Hovborg;0;0;0;0;0;0;0;0
Ejerlejligheder;6683 Føvling;0;0;0;0;0;0;0;0
Ejerlejligheder;6690 Gørding;0;0;0;0;0;0;0;0
Ejerlejligheder;6700 Esbjerg;11.687;12.509;12.185;11.414;11.741;11.167;12.026;11.790
Ejerlejligheder;6705 Esbjerg Ø;0;0;0;0;0;0;0;0
Ejerlejligheder;6710 Esbjerg V;0;0;0;0;0;0;0;0
Ejerlejligheder;6715 Esbjerg N;0;0;0;0;0;0;0;0
Ejerlejligheder;6720 Fanø;0;0;0;0;0;0;0;0
Ejerlejligheder;6731 Tjæreborg;0;0;0;0;0;0;0;0
Ejerlejligheder;6740 Bramming;0;0;0;0;0;0;0;0
Ejerlejligheder;6752 Glejbjerg;0;0;0;0;0;0;0;0
Ejerlejligheder;6753 Agerbæk;0;0;0;0;0;0;0;0
Ejerlejligheder;6760 Ribe;0;0;0;0;0;0;0;0
Ejerlejligheder;6771 Gredstedbro;0;0;0;0;0;0;0;0
Ejerlejligheder;6780 Skærbæk;0;0;0;0;0;0;0;0
Ejerlejligheder;6792 Rømø;0;0;0;0;0;0;0;0
Ejerlejligheder;6800 Varde;0;0;0;0;0;0;0;0
Ejerlejligheder;6818 Årre;0;0;0;0;0;0;0;0
Ejerlejligheder;6823 Ansager;0;0;0;0;0;0;0;0
Ejerlejligheder;6830 Nørre Nebel;0;0;0;0;0;0;0;0
Ejerlejligheder;6840 Oksbøl;0;0;0;0;0;0;0;0
Ejerlejligheder;6851 Janderup Vestj;0;0;0;0;0;0;0;0
Ejerlejligheder;6852 Billum;0;0;0;0;0;0;0;0
Ejerlejligheder;6853 Vejers Strand;0;0;0;0;0;0;0;0
Ejerlejligheder;6854 Henne;0;0;0;0;0;0;0;0
Ejerlejligheder;6855 Outrup;0;0;0;0;0;0;0;0
Ejerlejligheder;6857 Blåvand;0;0;0;0;0;0;0;0
Ejerlejligheder;6862 Tistrup;0;0;0;0;0;0;0;0
Ejerlejligheder;6870 Ølgod;0;0;0;0;0;0;0;0
Ejerlejligheder;6880 Tarm;0;0;0;0;0;0;0;0
Ejerlejligheder;6893 Hemmet;0;0;0;0;0;0;0;0
Ejerlejligheder;6900 Skjern;0;0;0;0;0;0;0;0
Ejerlejligheder;6920 Videbæk;0;0;0;0;0;0;0;0
Ejerlejligheder;6933 Kibæk;0;0;0;0;0;0;0;0
Ejerlejligheder;6940 Lem St;0;0;0;0;0;0;0;0
Ejerlejligheder;6950 Ringkøbing;0;0;0;13.259;0;0;0;0
Ejerlejligheder;6960 Hvide Sande;0;0;0;0;0;0;0;0
Ejerlejligheder;6971 Spjald;0;0;0;0;0;0;0;0
Ejerlejligheder;6973 Ørnhøj;0;0;0;0;0;0;0;0
Ejerlejligheder;6980 Tim;0;0;0;0;0;0;0;0
Ejerlejligheder;6990 Ulfborg;0;0;0;0;0;0;0;0
Ejerlejligheder;7000 Fredericia;11.157;10.721;11.227;12.876;12.757;0;0;0
Ejerlejligheder;7007 Fredericia;0;0;0;0;0;0;0;0
Ejerlejligheder;7080 Børkop;0;0;0;0;0;0;0;0
Ejerlejligheder;7100 Vejle;13.012;13.161;15.717;13.068;12.149;12.688;15.577;13.945
Ejerlejligheder;7120 Vejle Øst;0;0;0;0;0;0;0;0
Ejerlejligheder;7130 Juelsminde;0;0;20.817;0;0;0;0;0
Ejerlejligheder;7140 Stouby;0;0;0;0;0;0;0;0
Ejerlejligheder;7150 Barrit;0;0;0;0;0;0;0;0
Ejerlejligheder;7160 Tørring;0;0;0;0;0;0;0;0
Ejerlejligheder;7171 Uldum;0;0;0;0;0;0;0;0
Ejerlejligheder;7173 Vonge;0;0;0;0;0;0;0;0
Ejerlejligheder;7182 Bredsten;0;0;0;0;0;0;0;0
Ejerlejligheder;7183 Randbøl;0;0;0;0;0;0;0;0
Ejerlejligheder;7184 Vandel;0;0;0;0;0;0;0;0
Ejerlejligheder;7190 Billund;0;0;0;0;0;0;0;0
Ejerlejligheder;7200 Grindsted;0;0;0;0;0;0;0;0
Ejerlejligheder;7250 Hejnsvig;0;0;0;0;0;0;0;0
Ejerlejligheder;7260 Sønder Omme;0;0;0;0;0;0;0;0
Ejerlejligheder;7270 Stakroge;0;0;0;0;0;0;0;0
Ejerlejligheder;7280 Sønder Felding;0;0;0;0;0;0;0;0
Ejerlejligheder;7300 Jelling;0;0;0;0;0;0;0;0
Ejerlejligheder;7321 Gadbjerg;0;0;0;0;0;0;0;0
Ejerlejligheder;7323 Give;0;0;0;0;0;0;0;0
Ejerlejligheder;7330 Brande;0;0;0;0;0;0;0;0
Ejerlejligheder;7361 Ejstrupholm;0;0;0;0;0;0;0;0
Ejerlejligheder;7362 Hampen;0;0;0;0;0;0;0;0
Ejerlejligheder;7400 Herning;12.689;11.540;11.533;12.442;11.444;13.153;12.799;11.318
Ejerlejligheder;7430 Ikast;0;9.172;11.623;10.819;10.273;0;0;0
Ejerlejligheder;7441 Bording;0;0;0;0;0;0;0;0
Ejerlejligheder;7442 Engesvang;0;0;0;0;0;0;0;0
Ejerlejligheder;7451 Sunds;0;0;0;0;0;0;0;0
Ejerlejligheder;7470 Karup J;0;0;0;0;0;0;0;0
Ejerlejligheder;7480 Vildbjerg;0;0;0;0;0;0;0;0
Ejerlejligheder;7490 Aulum;0;0;0;0;0;0;0;0
Ejerlejligheder;7500 Holstebro;0;12.286;0;0;0;0;0;0
Ejerlejligheder;7540 Haderup;0;0;0;0;0;0;0;0
Ejerlejligheder;7550 Sørvad;0;0;0;0;0;0;0;0
Ejerlejligheder;7560 Hjerm;0;0;0;0;0;0;0;0
Ejerlejligheder;7570 Vemb;0;0;0;0;0;0;0;0
Ejerlejligheder;7600 Struer;0;0;0;0;0;0;0;0
Ejerlejligheder;7620 Lemvig;0;0;0;0;0;0;0;0
Ejerlejligheder;7650 Bøvlingbjerg;0;0;0;0;0;0;0;0
Ejerlejligheder;7660 Bækmarksbro;0;0;0;0;0;0;0;0
Ejerlejligheder;7673 Harboøre;0;0;0;0;0;0;0;0
Ejerlejligheder;7680 Thyborøn;0;0;0;0;0;0;0;0
Ejerlejligheder;7700 Thisted;0;0;0;0;0;0;0;0
Ejerlejligheder;7730 Hanstholm;0;0;0;0;0;0;0;0
Ejerlejligheder;7741 Frøstrup;0;0;0;0;0;0;0;0
Ejerlejligheder;7742 Vesløs;0;0;0;0;0;0;0;0
Ejerlejligheder;7752 Snedsted;0;0;0;0;0;0;0;0
Ejerlejligheder;7755 Bedsted Thy;0;0;0;0;0;0;0;0
Ejerlejligheder;7760 Hurup Thy;0;0;0;0;0;0;0;0
Ejerlejligheder;7770 Vestervig;0;0;0;0;0;0;0;0
Ejerlejligheder;7790 Thyholm;0;0;0;0;0;0;0;0
Ejerlejligheder;7800 Skive;0;0;0;0;0;0;0;0
Ejerlejligheder;7830 Vinderup;0;0;0;0;0;0;0;0
Ejerlejligheder;7840 Højslev;0;0;0;0;0;0;0;0
Ejerlejligheder;7850 Stoholm Jyll;0;0;0;0;0;0;0;0
Ejerlejligheder;7860 Spøttrup;0;0;0;0;0;0;0;0
Ejerlejligheder;7870 Roslev;0;0;0;0;0;0;0;0
Ejerlejligheder;7884 Fur;0;0;0;0;0;0;0;0
Ejerlejligheder;7900 Nykøbing M;0;0;0;0;0;0;0;0
Ejerlejligheder;7950 Erslev;0;0;0;0;0;0;0;0
Ejerlejligheder;7960 Karby;0;0;0;0;0;0;0;0
Ejerlejligheder;7970 Redsted M;0;0;0;0;0;0;0;0
Ejerlejligheder;7980 Vils;0;0;0;0;0;0;0;0
Ejerlejligheder;7990 Øster Assels;0;0;0;0;0;0;0;0
Ejerlejligheder;8000 Århus C;24.221;25.202;25.322;25.267;25.576;26.148;26.679;25.338
Ejerlejligheder;8200 Århus N;22.489;22.709;24.823;24.826;25.074;24.963;25.603;24.006
Ejerlejligheder;8210 Århus V;0;0;21.809;23.668;20.732;21.612;0;0
Ejerlejligheder;8220 Brabrand;13.870;14.832;16.321;16.093;13.845;16.899;16.094;16.655
Ejerlejligheder;8230 Åbyhøj;16.700;21.474;17.024;17.884;19.845;19.734;19.897;20.065
Ejerlejligheder;8240 Risskov;18.346;19.634;19.914;19.389;18.549;19.820;19.104;21.255
Ejerlejligheder;8245 Risskov Ø;0;0;0;0;0;0;0;0
Ejerlejligheder;8250 Egå;0;16.005;18.122;16.886;18.353;0;0;0
Ejerlejligheder;8260 Viby J;13.201;14.071;18.138;16.050;17.582;11.865;17.247;15.185
Ejerlejligheder;8270 Højbjerg;16.648;18.665;17.926;22.590;16.882;18.333;18.757;19.984
Ejerlejligheder;8300 Odder;0;0;12.368;14.464;13.628;13.676;0;0
Ejerlejligheder;8305 Samsø;0;0;0;0;0;0;0;0
Ejerlejligheder;8310 Tranbjerg J;0;0;0;0;0;0;0;0
Ejerlejligheder;8320 Mårslet;0;0;0;0;0;0;0;0
Ejerlejligheder;8330 Beder;0;0;0;0;0;0;0;0
Ejerlejligheder;8340 Malling;0;0;0;0;0;0;0;0
Ejerlejligheder;8350 Hundslund;0;0;0;0;0;0;0;0
Ejerlejligheder;8355 Solbjerg;0;0;0;0;0;0;0;0
Ejerlejligheder;8361 Hasselager;0;0;0;0;0;0;0;0
Ejerlejligheder;8362 Hørning;0;0;0;0;0;0;0;0
Ejerlejligheder;8370 Hadsten;0;0;0;0;0;0;0;0
Ejerlejligheder;8380 Trige;0;0;0;0;0;0;0;0
Ejerlejligheder;8381 Tilst;0;0;0;0;0;0;0;0
Ejerlejligheder;8382 Hinnerup;0;0;0;0;0;0;0;0
Ejerlejligheder;8400 Ebeltoft;0;0;0;0;0;0;0;0
Ejerlejligheder;8410 Rønde;0;0;0;0;0;0;0;0
Ejerlejligheder;8420 Knebel;0;0;0;0;0;0;0;0
Ejerlejligheder;8444 Balle;0;0;0;0;0;0;0;0
Ejerlejligheder;8450 Hammel;0;0;0;0;0;0;0;0
Ejerlejligheder;8462 Harlev J;0;0;0;0;0;0;0;0
Ejerlejligheder;8464 Galten;0;0;0;0;0;0;0;0
Ejerlejligheder;8471 Sabro;0;0;0;0;0;0;0;0
Ejerlejligheder;8472 Sporup;0;0;0;0;0;0;0;0
Ejerlejligheder;8500 Grenaa;0;0;0;0;0;0;0;0
Ejerlejligheder;8520 Lystrup;0;0;0;15.655;17.295;0;0;0
Ejerlejligheder;8530 Hjortshøj;0;0;0;0;0;0;0;0
Ejerlejligheder;8541 Skødstrup;0;0;0;0;0;0;0;0
Ejerlejligheder;8543 Hornslet;0;0;0;0;0;0;0;0
Ejerlejligheder;8544 Mørke;0;0;0;0;0;0;0;0
Ejerlejligheder;8550 Ryomgård;0;0;0;0;0;0;0;0
Ejerlejligheder;8560 Kolind;0;0;0;0;0;0;0;0
Ejerlejligheder;8570 Trustrup;0;0;0;0;0;0;0;0
Ejerlejligheder;8581 Nimtofte;0;0;0;0;0;0;0;0
Ejerlejligheder;8585 Glesborg;0;0;0;0;0;0;0;0
Ejerlejligheder;8586 Ørum Djurs;0;0;0;0;0;0;0;0
Ejerlejligheder;8592 Anholt;0;0;0;0;0;0;0;0
Ejerlejligheder;8600 Silkeborg;16.420;15.981;18.236;18.850;18.523;16.958;18.169;16.513
Ejerlejligheder;8620 Kjellerup;0;0;0;0;0;0;0;0
Ejerlejligheder;8632 Lemming;0;0;0;0;0;0;0;0
Ejerlejligheder;8641 Sorring;0;0;0;0;0;0;0;0
Ejerlejligheder;8643 Ans By;0;0;0;0;0;0;0;0
Ejerlejligheder;8653 Them;0;0;0;0;0;0;0;0
Ejerlejligheder;8654 Bryrup;0;0;0;0;0;0;0;0
Ejerlejligheder;8660 Skanderborg;16.178;15.537;15.646;18.544;15.061;15.018;15.557;15.302
Ejerlejligheder;8670 Låsby;0;0;0;0;0;0;0;0
Ejerlejligheder;8680 Ry;0;0;0;0;0;0;0;0
Ejerlejligheder;8700 Horsens;13.105;13.197;10.716;12.021;12.800;12.155;13.711;11.242
Ejerlejligheder;8721 Daugård;0;0;0;0;0;0;0;0
Ejerlejligheder;8722 Hedensted;0;0;0;0;0;0;0;0
Ejerlejligheder;8723 Løsning;0;0;0;0;0;0;0;0
Ejerlejligheder;8732 Hovedgård;0;0;0;0;0;0;0;0
Ejerlejligheder;8740 Brædstrup;0;0;0;0;0;0;0;0
Ejerlejligheder;8751 Gedved;0;0;0;0;0;0;0;0
Ejerlejligheder;8752 Østbirk;0;0;0;0;0;0;0;0
Ejerlejligheder;8762 Flemming;0;0;0;0;0;0;0;0
Ejerlejligheder;8763 Rask Mølle;0;0;0;0;0;0;0;0
Ejerlejligheder;8765 Klovborg;0;0;0;0;0;0;0;0
Ejerlejligheder;8766 Nørre Snede;0;0;0;0;0;0;0;0
Ejerlejligheder;8781 Stenderup;0;0;0;0;0;0;0;0
Ejerlejligheder;8783 Hornsyld;0;0;0;0;0;0;0;0
Ejerlejligheder;8800 Viborg;11.667;11.830;13.324;11.824;10.505;10.537;11.370;9.439
Ejerlejligheder;8830 Tjele;0;0;0;0;0;0;0;0
Ejerlejligheder;8831 Løgstrup;0;0;0;0;0;0;0;0
Ejerlejligheder;8832 Skals;0;0;0;0;0;0;0;0
Ejerlejligheder;8840 Rødkærsbro;0;0;0;0;0;0;0;0
Ejerlejligheder;8850 Bjerringbro;0;0;0;0;0;0;0;0
Ejerlejligheder;8860 Ulstrup;0;0;0;0;0;0;0;0
Ejerlejligheder;8870 Langå;0;0;0;0;0;0;0;0
Ejerlejligheder;8881 Thorsø;0;0;0;0;0;0;0;0
Ejerlejligheder;8882 Fårvang;0;0;0;0;0;0;0;0
Ejerlejligheder;8883 Gjern;0;0;0;0;0;0;0;0
Ejerlejligheder;8900 Randers C;10.738;10.286;10.892;11.243;10.153;10.733;11.390;10.618
Ejerlejligheder;8920 Randers NV;7.755;8.474;7.068;8.822;7.934;7.630;7.971;7.760
Ejerlejligheder;8930 Randers NØ;9.024;8.053;10.042;9.591;10.348;7.551;8.079;8.241
Ejerlejligheder;8940 Randers SV;0;0;0;0;0;0;0;0
Ejerlejligheder;8950 Ørsted;0;0;0;0;0;0;0;0
Ejerlejligheder;8960 Randers SØ;0;0;0;0;10.692;0;0;9.823
Ejerlejligheder;8961 Allingåbro;0;0;0;0;0;0;0;0
Ejerlejligheder;8963 Auning;0;0;0;0;0;0;0;0
Ejerlejligheder;8970 Havndal;0;0;0;0;0;0;0;0
Ejerlejligheder;8981 Spentrup;0;0;0;0;0;0;0;0
Ejerlejligheder;8983 Gjerlev J;0;0;0;0;0;0;0;0
Ejerlejligheder;8990 Fårup;0;0;0;0;0;0;0;0
Ejerlejligheder;9000 Aalborg;13.430;13.650;14.196;13.455;13.852;14.208;14.084;13.050
Ejerlejligheder;9200 Aalborg SV;0;0;0;0;0;0;0;0
Ejerlejligheder;9210 Aalborg SØ;0;0;10.843;9.635;0;0;9.479;0
Ejerlejligheder;9220 Aalborg Øst;0;0;0;0;0;0;0;0
Ejerlejligheder;9230 Svenstrup J;0;0;0;0;0;0;0;0
Ejerlejligheder;9240 Nibe;0;0;0;0;0;0;0;0
Ejerlejligheder;9260 Gistrup;0;0;0;0;0;0;0;0
Ejerlejligheder;9270 Klarup;0;0;0;0;0;0;0;0
Ejerlejligheder;9280 Storvorde;0;0;0;0;0;0;0;0
Ejerlejligheder;9293 Kongerslev;0;0;0;0;0;0;0;0
Ejerlejligheder;9300 Sæby;0;0;0;0;0;0;0;0
Ejerlejligheder;9310 Vodskov;0;0;0;0;0;0;0;0
Ejerlejligheder;9320 Hjallerup;0;0;0;0;0;0;0;0
Ejerlejligheder;9330 Dronninglund;0;0;0;0;0;0;0;0
Ejerlejligheder;9340 Asaa;0;0;0;0;0;0;0;0
Ejerlejligheder;9352 Dybvad;0;0;0;0;0;0;0;0
Ejerlejligheder;9362 Gandrup;0;0;0;0;0;0;0;0
Ejerlejligheder;9370 Hals;0;0;0;0;0;0;0;0
Ejerlejligheder;9380 Vestbjerg;0;0;0;0;0;0;0;0
Ejerlejligheder;9381 Sulsted;0;0;0;0;0;0;0;0
Ejerlejligheder;9382 Tylstrup;0;0;0;0;0;0;0;0
Ejerlejligheder;9400 Nørresundby;15.515;10.203;12.151;13.482;13.079;11.627;12.625;11.962
Ejerlejligheder;9430 Vadum;0;0;0;0;0;0;0;0
Ejerlejligheder;9440 Aabybro;0;0;0;0;0;0;0;0
Ejerlejligheder;9460 Brovst;0;0;0;0;0;0;0;0
Ejerlejligheder;9480 Løkken;0;0;7.770;0;0;0;0;0
Ejerlejligheder;9490 Pandrup;0;0;0;0;0;0;0;0
Ejerlejligheder;9492 Blokhus;0;0;0;0;0;0;12.689;0
Ejerlejligheder;9493 Saltum;0;0;0;0;0;0;0;0
Ejerlejligheder;9500 Hobro;0;0;0;0;0;0;0;0
Ejerlejligheder;9510 Arden;0;0;0;0;0;0;0;0
Ejerlejligheder;9520 Skørping;0;0;0;0;0;0;0;0
Ejerlejligheder;9530 Støvring;0;0;0;0;0;0;0;0
Ejerlejligheder;9541 Suldrup;0;0;0;0;0;0;0;0
Ejerlejligheder;9550 Mariager;0;0;0;0;0;0;0;0
Ejerlejligheder;9560 Hadsund;0;0;0;0;0;0;0;0
Ejerlejligheder;9574 Bælum;0;0;0;0;0;0;0;0
Ejerlejligheder;9575 Terndrup;0;0;0;0;0;0;0;0
Ejerlejligheder;9600 Aars;0;0;0;0;0;0;0;0
Ejerlejligheder;9610 Nørager;0;0;0;0;0;0;0;0
Ejerlejligheder;9620 Aalestrup;0;0;0;0;0;0;0;0
Ejerlejligheder;9631 Gedsted;0;0;0;0;0;0;0;0
Ejerlejligheder;9632 Møldrup;0;0;0;0;0;0;0;0
Ejerlejligheder;9640 Farsø;0;0;0;0;0;0;0;0
Ejerlejligheder;9670 Løgstør;0;0;0;0;0;0;0;0
Ejerlejligheder;9681 Ranum;0;0;0;0;0;0;0;0
Ejerlejligheder;9690 Fjerritslev;0;0;0;0;0;0;0;0
Ejerlejligheder;9700 Brønderslev;0;0;0;0;0;0;0;0
Ejerlejligheder;9740 Jerslev J;0;0;0;0;0;0;0;0
Ejerlejligheder;9750 Østervrå;0;0;0;0;0;0;0;0
Ejerlejligheder;9760 Vrå;0;0;0;0;0;0;0;0
Ejerlejligheder;9800 Hjørring;0;0;0;0;0;0;0;0
Ejerlejligheder;9830 Tårs;0;0;0;0;0;0;0;0
Ejerlejligheder;9850 Hirtshals;0;0;0;0;0;0;0;0
Ejerlejligheder;9870 Sindal;0;0;0;0;0;0;0;0
Ejerlejligheder;9881 Bindslev;0;0;0;0;0;0;0;0
Ejerlejligheder;9900 Frederikshavn;0;0;7.632;8.785;8.683;8.289;0;0
Ejerlejligheder;9940 Læsø;0;0;0;0;0;0;0;0
Ejerlejligheder;9970 Strandby;0;0;0;0;0;0;0;0
Ejerlejligheder;9981 Jerup;0;0;0;0;0;0;0;0
Ejerlejligheder;9982 Ålbæk;0;0;0;0;0;0;0;0
Ejerlejligheder;9990 Skagen;0;0;0;0;0;0;0;0
Fritidshuse;1000 København K;0;0;0;0;0;0;0;0
Fritidshuse;1500 København V;0;0;0;0;0;0;0;0
Fritidshuse;1800 Frederiksberg C;0;0;0;0;0;0;0;0
Fritidshuse;2000 Frederiksberg;0;0;0;0;0;0;0;0
Fritidshuse;2100 København Ø;0;0;0;0;0;0;0;0
Fritidshuse;2200 København N;0;0;0;0;0;0;0;0
Fritidshuse;2300 København S;0;0;0;0;0;0;0;0
Fritidshuse;2400 København NV;0;0;0;0;0;0;0;0
Fritidshuse;2450 København SV;0;0;0;0;0;0;0;0
Fritidshuse;2500 Valby;0;0;0;0;0;0;0;0
Fritidshuse;2600 Glostrup;0;0;0;0;0;0;0;0
Fritidshuse;2605 Brøndby;0;0;0;0;0;0;0;0
Fritidshuse;2610 Rødovre;0;0;0;0;0;0;0;0
Fritidshuse;2620 Albertslund;0;0;0;0;0;0;0;0
Fritidshuse;2625 Vallensbæk;0;0;0;0;0;0;0;0
Fritidshuse;2630 Taastrup;0;0;0;0;0;0;0;0
Fritidshuse;2633 Returpost;0;0;0;0;0;0;0;0
Fritidshuse;2635 Ishøj;0;0;0;0;0;0;0;0
Fritidshuse;2640 Hedehusene;0;0;0;0;0;0;0;0
Fritidshuse;2650 Hvidovre;0;0;0;0;0;0;0;0
Fritidshuse;2660 Brøndby Strand;0;0;0;0;0;0;0;0
Fritidshuse;2665 Vallensbæk Strand;0;0;0;0;0;0;0;0
Fritidshuse;2670 Greve;0;0;0;0;0;0;0;0
Fritidshuse;2680 Solrød Strand;0;0;0;0;0;0;0;0
Fritidshuse;2690 Karlslunde;0;0;0;0;0;0;0;0
Fritidshuse;2700 Brønshøj;0;0;0;0;0;0;0;0
Fritidshuse;2720 Vanløse;0;0;0;0;0;0;0;0
Fritidshuse;2730 Herlev;0;0;0;0;0;0;0;0
Fritidshuse;2740 Skovlunde;0;0;0;0;0;0;0;0
Fritidshuse;2750 Ballerup;0;0;0;0;0;0;0;0
Fritidshuse;2760 Måløv;0;0;0;0;0;0;0;0
Fritidshuse;2765 Smørum;0;0;0;0;0;0;0;0
Fritidshuse;2770 Kastrup;0;0;0;0;0;0;0;0
Fritidshuse;2791 Dragør;0;0;0;0;0;0;0;0
Fritidshuse;2800 Kongens Lyngby;0;0;0;0;0;0;0;0
Fritidshuse;2820 Gentofte;0;0;0;0;0;0;0;0
Fritidshuse;2830 Virum;0;0;0;0;0;0;0;0
Fritidshuse;2840 Holte;0;0;0;0;0;0;0;0
Fritidshuse;2850 Nærum;0;0;0;0;0;0;0;0
Fritidshuse;2860 Søborg;0;0;0;0;0;0;0;0
Fritidshuse;2870 Dyssegård;0;0;0;0;0;0;0;0
Fritidshuse;2880 Bagsværd;0;0;0;0;0;0;0;0
Fritidshuse;2900 Hellerup;0;0;0;0;0;0;0;0
Fritidshuse;2920 Charlottenlund;0;0;0;0;0;0;0;0
Fritidshuse;2930 Klampenborg;0;0;0;0;0;0;0;0
Fritidshuse;2942 Skodsborg;0;0;0;0;0;0;0;0
Fritidshuse;2950 Vedbæk;0;0;0;0;0;0;0;0
Fritidshuse;2960 Rungsted Kyst;0;0;0;0;0;0;0;0
Fritidshuse;2970 Hørsholm;0;0;0;0;0;0;0;0
Fritidshuse;2980 Kokkedal;0;0;0;0;0;0;0;0
Fritidshuse;2990 Nivå;0;0;0;0;0;0;0;0
Fritidshuse;3000 Helsingør;0;0;0;0;0;0;0;0
Fritidshuse;3050 Humlebæk;0;0;0;0;0;0;0;0
Fritidshuse;3060 Espergærde;0;0;0;0;0;0;0;0
Fritidshuse;3070 Snekkersten;0;0;0;0;0;0;0;0
Fritidshuse;3080 Tikøb;0;0;0;0;0;0;0;0
Fritidshuse;3100 Hornbæk;24.497;40.380;28.340;28.821;26.959;25.379;39.725;25.324
Fritidshuse;3120 Dronningmølle;19.765;19.558;20.267;19.362;20.589;33.399;30.959;13.468
Fritidshuse;3140 Ålsgårde;0;0;0;0;0;0;0;0
Fritidshuse;3150 Hellebæk;0;0;0;0;0;0;0;0
Fritidshuse;3200 Helsinge;0;0;0;0;0;0;0;0
Fritidshuse;3210 Vejby;18.927;30.215;22.411;16.763;20.350;15.663;20.056;17.733
Fritidshuse;3220 Tisvildeleje;30.525;34.216;35.446;25.933;32.134;38.784;31.626;32.897
Fritidshuse;3230 Græsted;16.487;18.716;15.472;16.274;15.185;17.017;16.764;14.301
Fritidshuse;3250 Gilleleje;17.417;15.437;18.356;17.047;19.215;13.420;16.520;16.410
Fritidshuse;3300 Frederiksværk;18.487;15.540;19.473;22.109;17.698;15.784;17.523;12.166
Fritidshuse;3310 Ølsted;0;0;11.134;13.926;13.973;0;0;13.069
Fritidshuse;3320 Skævinge;0;0;0;0;0;0;0;0
Fritidshuse;3330 Gørløse;0;0;0;0;0;0;0;0
Fritidshuse;3360 Liseleje;26.979;0;0;29.110;0;0;21.439;24.783
Fritidshuse;3370 Melby;15.337;14.716;15.829;11.961;16.896;16.798;13.121;10.279
Fritidshuse;3390 Hundested;19.059;16.872;31.614;23.473;25.644;0;0;17.642
Fritidshuse;3400 Hillerød;0;0;0;0;0;0;0;0
Fritidshuse;3450 Allerød;0;0;0;0;0;0;0;0
Fritidshuse;3460 Birkerød;0;0;0;0;0;0;0;0
Fritidshuse;3480 Fredensborg;0;0;0;0;0;0;0;0
Fritidshuse;3490 Kvistgård;0;0;0;0;0;0;0;0
Fritidshuse;3500 Værløse;0;0;0;0;0;0;0;0
Fritidshuse;3520 Farum;0;0;0;0;0;0;0;0
Fritidshuse;3540 Lynge;0;0;0;0;0;0;0;0
Fritidshuse;3550 Slangerup;0;0;0;0;0;0;0;0
Fritidshuse;3600 Frederikssund;0;0;0;0;0;0;0;0
Fritidshuse;3630 Jægerspris;15.020;11.765;12.667;11.621;11.067;10.655;11.632;9.640
Fritidshuse;3650 Ølstykke;0;0;0;0;0;0;0;0
Fritidshuse;3660 Stenløse;0;0;0;0;0;0;0;0
Fritidshuse;3670 Veksø Sjælland;0;0;0;0;0;0;0;0
Fritidshuse;3700 Rønne;0;0;0;0;0;0;0;0
Fritidshuse;3720 Aakirkeby;0;15.547;0;0;0;0;0;0
Fritidshuse;3730 Nexø;18.306;0;0;14.753;16.831;17.625;0;0
Fritidshuse;3740 Svaneke;0;0;0;0;0;0;0;0
Fritidshuse;3751 Østermarie;0;0;0;0;0;0;0;0
Fritidshuse;3760 Gudhjem;0;0;0;0;0;0;0;0
Fritidshuse;3770 Allinge;0;0;0;0;0;0;0;0
Fritidshuse;3782 Klemensker;0;0;0;0;0;0;0;0
Fritidshuse;3790 Hasle;0;0;0;0;0;0;0;0
Fritidshuse;4000 Roskilde;0;0;0;0;0;0;0;0
Fritidshuse;4030 Tune;0;0;0;0;0;0;0;0
Fritidshuse;4040 Jyllinge;0;0;0;0;0;0;0;0
Fritidshuse;4050 Skibby;0;0;13.875;13.683;11.067;0;0;0
Fritidshuse;4060 Kirke Såby;0;0;0;0;0;0;0;0
Fritidshuse;4070 Kirke Hyllinge;14.235;11.606;14.112;13.373;0;0;10.561;10.494
Fritidshuse;4100 Ringsted;0;0;0;0;0;0;0;0
Fritidshuse;4105 Ringsted;0;0;0;0;0;0;0;0
Fritidshuse;4130 Viby Sjælland;0;0;0;0;0;0;0;0
Fritidshuse;4140 Borup;0;0;0;0;0;0;0;0
Fritidshuse;4160 Herlufmagle;0;0;0;0;0;0;0;0
Fritidshuse;4171 Glumsø;0;0;0;0;0;0;0;0
Fritidshuse;4173 Fjenneslev;0;0;0;0;0;0;0;0
Fritidshuse;4174 Jystrup Midtsj;0;0;0;0;0;0;0;0
Fritidshuse;4180 Sorø;0;0;0;0;0;0;0;0
Fritidshuse;4190 Munke Bjergby;0;0;0;0;0;0;0;0
Fritidshuse;4200 Slagelse;13.646;14.878;15.736;13.897;14.567;13.342;12.357;15.716
Fritidshuse;4220 Korsør;0;0;0;15.291;0;0;0;0
Fritidshuse;4230 Skælskør;0;0;0;0;0;0;0;0
Fritidshuse;4241 Vemmelev;0;0;0;0;0;0;0;0
Fritidshuse;4242 Boeslunde;0;0;0;0;0;0;0;0
Fritidshuse;4243 Rude;0;0;0;0;0;0;0;0
Fritidshuse;4250 Fuglebjerg;0;0;0;0;0;0;0;0
Fritidshuse;4261 Dalmose;0;0;0;0;0;0;0;0
Fritidshuse;4262 Sandved;0;0;0;0;0;0;0;0
Fritidshuse;4270 Høng;0;0;0;0;0;0;0;0
Fritidshuse;4281 Gørlev;12.275;0;0;12.454;12.958;0;0;10.960
Fritidshuse;4291 Ruds Vedby;0;0;0;0;0;0;0;0
Fritidshuse;4293 Dianalund;0;0;0;0;0;0;0;0
Fritidshuse;4295 Stenlille;0;0;0;0;0;0;0;0
Fritidshuse;4296 Nyrup;0;0;0;0;0;0;0;0
Fritidshuse;4300 Holbæk;19.957;10.802;13.802;11.307;10.057;12.884;8.180;9.949
Fritidshuse;4320 Lejre;0;0;0;0;0;0;0;0
Fritidshuse;4330 Hvalsø;0;0;0;0;0;0;0;0
Fritidshuse;4340 Tølløse;0;0;0;0;0;0;0;0
Fritidshuse;4350 Ugerløse;0;0;0;0;0;0;0;0
Fritidshuse;4360 Kirke Eskilstrup;0;0;0;0;0;0;0;0
Fritidshuse;4370 Store Merløse;0;0;0;0;0;0;0;0
Fritidshuse;4390 Vipperød;0;0;0;0;0;0;0;0
Fritidshuse;4400 Kalundborg;15.744;14.518;16.127;14.165;13.914;0;0;14.906
Fritidshuse;4420 Regstrup;0;0;0;0;0;0;0;0
Fritidshuse;4440 Mørkøv;0;0;0;0;0;0;0;0
Fritidshuse;4450 Jyderup;0;0;0;0;0;0;0;0
Fritidshuse;4460 Snertinge;0;0;0;0;0;0;0;0
Fritidshuse;4470 Svebølle;0;0;0;0;0;0;0;0
Fritidshuse;4480 Store Fuglede;0;0;0;15.710;17.953;0;0;0
Fritidshuse;4490 Jerslev Sjælland;0;0;0;0;0;0;0;0
Fritidshuse;4500 Nykøbing Sj;14.344;11.561;14.709;16.443;14.650;15.357;12.836;12.104
Fritidshuse;4520 Svinninge;0;0;0;0;0;0;0;0
Fritidshuse;4532 Gislinge;0;0;0;0;0;0;0;0
Fritidshuse;4534 Hørve;0;0;0;0;0;0;0;0
Fritidshuse;4540 Fårevejle;20.245;23.375;16.987;15.734;17.358;20.366;11.438;17.339
Fritidshuse;4550 Asnæs;13.988;0;0;0;12.110;0;0;9.744
Fritidshuse;4560 Vig;12.641;12.651;13.367;12.198;12.723;11.333;11.497;10.008
Fritidshuse;4571 Grevinge;0;0;0;10.637;7.234;8.656;11.585;14.063
Fritidshuse;4572 Nørre Asmindrup;0;0;0;0;0;0;0;0
Fritidshuse;4573 Højby;12.079;16.663;15.557;14.977;17.411;14.664;12.861;13.375
Fritidshuse;4581 Rørvig;22.829;0;0;20.769;23.983;23.429;18.922;24.093
Fritidshuse;4583 Sjællands Odde;14.773;12.533;15.232;15.384;15.730;14.107;14.779;15.658
Fritidshuse;4591 Føllenslev;0;0;0;0;12.165;0;0;0
Fritidshuse;4592 Sejerø;0;0;0;0;0;0;0;0
Fritidshuse;4593 Eskebjerg;0;0;0;8.990;8.794;8.458;6.628;6.425
Fritidshuse;4600 Køge;0;0;0;0;0;0;0;0
Fritidshuse;4621 Gadstrup;0;0;0;0;0;0;0;0
Fritidshuse;4622 Havdrup;0;0;0;0;0;0;0;0
Fritidshuse;4623 Lille Skensved;0;0;0;0;0;0;0;0
Fritidshuse;4632 Bjæverskov;0;0;0;0;0;0;0;0
Fritidshuse;4640 Faxe;0;0;0;0;0;0;0;0
Fritidshuse;4652 Hårlev;0;0;0;0;0;0;0;0
Fritidshuse;4653 Karise;0;0;0;0;0;0;0;0
Fritidshuse;4654 Faxe Ladeplads;0;0;0;0;0;0;0;0
Fritidshuse;4660 Store Heddinge;0;0;0;0;0;0;0;0
Fritidshuse;4671 Strøby;14.234;16.823;16.034;15.530;0;0;0;16.000
Fritidshuse;4672 Klippinge;0;0;0;0;0;0;0;0
Fritidshuse;4673 Rødvig Stevns;0;0;0;0;0;0;0;0
Fritidshuse;4681 Herfølge;0;0;0;0;0;0;0;0
Fritidshuse;4682 Tureby;0;0;0;0;0;0;0;0
Fritidshuse;4683 Rønnede;0;0;0;0;0;0;0;0
Fritidshuse;4684 Holmegaard;0;0;0;0;0;0;0;0
Fritidshuse;4690 Haslev;0;0;0;0;0;0;0;0
Fritidshuse;4700 Næstved;0;0;0;0;0;0;0;0
Fritidshuse;4720 Præstø;0;0;0;0;0;0;0;0
Fritidshuse;4733 Tappernøje;0;0;0;0;0;0;0;0
Fritidshuse;4735 Mern;0;0;0;0;0;0;0;0
Fritidshuse;4736 Karrebæksminde;17.826;16.708;16.059;17.573;0;0;0;18.214
Fritidshuse;4750 Lundby;0;0;0;0;0;0;0;0
Fritidshuse;4760 Vordingborg;0;0;0;12.958;0;0;0;10.805
Fritidshuse;4771 Kalvehave;0;0;0;0;0;0;0;0
Fritidshuse;4772 Langebæk;0;0;0;0;0;0;0;0
Fritidshuse;4773 Stensved;0;0;0;0;0;0;0;0
Fritidshuse;4780 Stege;0;0;0;15.705;15.601;14.784;13.461;15.529
Fritidshuse;4791 Borre;0;0;0;0;0;0;0;0
Fritidshuse;4792 Askeby;0;0;0;0;0;0;0;0
Fritidshuse;4793 Bogø By;0;0;0;0;0;0;0;0
Fritidshuse;4800 Nykøbing F;0;0;0;0;0;0;0;0
Fritidshuse;4840 Nørre Alslev;0;0;0;0;0;0;0;0
Fritidshuse;4850 Stubbekøbing;0;0;0;0;0;0;0;0
Fritidshuse;4862 Guldborg;0;0;0;0;0;0;0;0
Fritidshuse;4863 Eskilstrup;0;0;0;0;0;0;0;0
Fritidshuse;4871 Horbelev;0;0;0;0;0;0;0;0
Fritidshuse;4872 Idestrup;12.864;0;0;10.674;12.853;0;0;0
Fritidshuse;4873 Væggerløse;12.973;13.036;14.288;13.809;12.712;11.956;14.295;13.979
Fritidshuse;4874 Gedser;0;0;11.979;9.003;10.760;0;0;0
Fritidshuse;4880 Nysted;0;0;0;0;0;0;0;0
Fritidshuse;4891 Toreby L;0;0;0;0;0;0;0;0
Fritidshuse;4892 Kettinge;0;0;0;0;0;0;0;0
Fritidshuse;4894 Øster Ulslev;0;0;0;0;0;0;0;0
Fritidshuse;4895 Errindlev;0;0;0;0;0;0;0;0
Fritidshuse;4900 Nakskov;0;0;0;0;0;0;0;0
Fritidshuse;4912 Harpelunde;0;0;0;0;0;0;0;0
Fritidshuse;4913 Horslunde;0;0;0;0;0;0;0;0
Fritidshuse;4920 Søllested;0;0;0;0;0;0;0;0
Fritidshuse;4930 Maribo;0;0;0;0;0;0;0;0
Fritidshuse;4941 Bandholm;0;0;0;0;0;0;0;0
Fritidshuse;4943 Torrig L;0;0;0;0;0;0;0;0
Fritidshuse;4944 Fejø;0;0;0;0;0;0;0;0
Fritidshuse;4951 Nørreballe;0;0;0;0;0;0;0;0
Fritidshuse;4952 Stokkemarke;0;0;0;0;0;0;0;0
Fritidshuse;4953 Vesterborg;0;0;0;0;0;0;0;0
Fritidshuse;4960 Holeby;0;0;0;0;0;0;0;0
Fritidshuse;4970 Rødby;14.938;14.007;14.452;10.326;14.824;14.421;14.206;13.012
Fritidshuse;4983 Dannemare;0;0;0;0;0;0;0;0
Fritidshuse;4990 Sakskøbing;0;0;0;0;0;0;0;0
Fritidshuse;5000 Odense C;0;0;0;0;0;0;0;0
Fritidshuse;5200 Odense V;0;0;0;0;0;0;0;0
Fritidshuse;5210 Odense NV;0;0;0;0;0;0;0;0
Fritidshuse;5220 Odense SØ;0;0;0;0;0;0;0;0
Fritidshuse;5230 Odense M;0;0;0;0;0;0;0;0
Fritidshuse;5240 Odense NØ;0;0;0;0;0;0;0;0
Fritidshuse;5250 Odense SV;0;0;0;0;0;0;0;0
Fritidshuse;5260 Odense S;0;0;0;0;0;0;0;0
Fritidshuse;5270 Odense N;0;0;0;0;0;0;0;0
Fritidshuse;5290 Marslev;0;0;0;0;0;0;0;0
Fritidshuse;5300 Kerteminde;0;0;0;0;0;0;0;0
Fritidshuse;5320 Agedrup;0;0;0;0;0;0;0;0
Fritidshuse;5330 Munkebo;0;0;0;0;0;0;0;0
Fritidshuse;5350 Rynkeby;0;0;0;0;0;0;0;0
Fritidshuse;5370 Mesinge;0;0;0;0;0;0;0;0
Fritidshuse;5380 Dalby;0;0;0;0;0;0;0;0
Fritidshuse;5390 Martofte;0;0;0;0;0;0;0;0
Fritidshuse;5400 Bogense;13.947;0;0;0;0;0;0;0
Fritidshuse;5450 Otterup;23.969;19.314;21.909;14.777;22.513;19.581;21.457;14.792
Fritidshuse;5462 Morud;0;0;0;0;0;0;0;0
Fritidshuse;5463 Harndrup;0;0;0;0;0;0;0;0
Fritidshuse;5464 Brenderup Fyn;0;0;0;0;0;0;0;0
Fritidshuse;5466 Asperup;0;0;0;0;0;0;0;0
Fritidshuse;5471 Søndersø;0;0;0;0;0;0;0;0
Fritidshuse;5474 Veflinge;0;0;0;0;0;0;0;0
Fritidshuse;5485 Skamby;0;0;0;0;0;0;0;0
Fritidshuse;5491 Blommenslyst;0;0;0;0;0;0;0;0
Fritidshuse;5492 Vissenbjerg;0;0;0;0;0;0;0;0
Fritidshuse;5500 Middelfart;0;0;0;0;0;0;0;0
Fritidshuse;5540 Ullerslev;0;0;0;0;0;0;0;0
Fritidshuse;5550 Langeskov;0;0;0;0;0;0;0;0
Fritidshuse;5560 Aarup;0;0;0;0;0;0;0;0
Fritidshuse;5580 Nørre Aaby;0;0;0;0;0;0;0;0
Fritidshuse;5591 Gelsted;0;0;0;0;0;0;0;0
Fritidshuse;5592 Ejby;0;0;0;0;0;0;0;0
Fritidshuse;5600 Faaborg;0;0;0;0;0;0;0;0
Fritidshuse;5610 Assens;0;0;0;0;0;0;0;0
Fritidshuse;5620 Glamsbjerg;0;0;0;0;0;0;0;0
Fritidshuse;5631 Ebberup;0;0;0;0;0;0;0;0
Fritidshuse;5642 Millinge;0;0;0;0;0;0;0;0
Fritidshuse;5672 Broby;0;0;0;0;0;0;0;0
Fritidshuse;5683 Haarby;0;0;0;0;0;0;0;0
Fritidshuse;5690 Tommerup;0;0;0;0;0;0;0;0
Fritidshuse;5700 Svendborg;0;0;0;0;0;0;0;0
Fritidshuse;5750 Ringe;0;0;0;0;0;0;0;0
Fritidshuse;5762 Vester Skerninge;0;0;0;0;0;0;0;0
Fritidshuse;5771 Stenstrup;0;0;0;0;0;0;0;0
Fritidshuse;5772 Kværndrup;0;0;0;0;0;0;0;0
Fritidshuse;5792 Årslev;0;0;0;0;0;0;0;0
Fritidshuse;5800 Nyborg;0;0;0;0;0;0;0;0
Fritidshuse;5853 Ørbæk;0;0;0;0;0;0;0;0
Fritidshuse;5854 Gislev;0;0;0;0;0;0;0;0
Fritidshuse;5856 Ryslinge;0;0;0;0;0;0;0;0
Fritidshuse;5863 Ferritslev Fyn;0;0;0;0;0;0;0;0
Fritidshuse;5871 Frørup;0;0;0;0;0;0;0;0
Fritidshuse;5874 Hesselager;0;0;0;0;0;0;0;0
Fritidshuse;5881 Skårup Fyn;0;0;0;0;0;0;0;0
Fritidshuse;5882 Vejstrup;0;0;0;0;0;0;0;0
Fritidshuse;5883 Oure;0;0;0;0;0;0;0;0
Fritidshuse;5884 Gudme;0;0;0;0;0;0;0;0
Fritidshuse;5892 Gudbjerg Sydfyn;0;0;0;0;0;0;0;0
Fritidshuse;5900 Rudkøbing;0;0;0;0;0;0;0;0
Fritidshuse;5932 Humble;0;0;0;0;0;0;0;0
Fritidshuse;5935 Bagenkop;0;0;0;0;0;0;0;0
Fritidshuse;5953 Tranekær;0;0;12.252;16.245;0;0;0;0
Fritidshuse;5960 Marstal;0;0;0;0;0;0;0;0
Fritidshuse;5970 Ærøskøbing;0;0;0;0;0;0;0;0
Fritidshuse;5985 Søby Ærø;0;0;0;0;0;0;0;0
Fritidshuse;6000 Kolding;0;0;0;0;0;0;0;0
Fritidshuse;6040 Egtved;0;0;0;0;0;0;0;0
Fritidshuse;6051 Almind;0;0;0;0;0;0;0;0
Fritidshuse;6052 Viuf;0;0;0;0;0;0;0;0
Fritidshuse;6064 Jordrup;0;0;0;0;0;0;0;0
Fritidshuse;6070 Christiansfeld;0;0;0;0;0;0;0;0
Fritidshuse;6091 Bjert;0;0;0;0;0;0;0;0
Fritidshuse;6092 Sønder Stenderup;0;0;0;0;0;0;0;0
Fritidshuse;6093 Sjølund;0;0;0;0;0;0;0;0
Fritidshuse;6094 Hejls;15.188;0;0;15.687;16.517;0;0;19.886
Fritidshuse;6100 Haderslev;16.760;0;0;16.659;16.445;0;16.028;17.053
Fritidshuse;6200 Aabenraa;0;0;0;0;0;0;0;0
Fritidshuse;6230 Rødekro;0;0;0;0;0;0;0;0
Fritidshuse;6240 Løgumkloster;0;0;0;0;0;0;0;0
Fritidshuse;6261 Bredebro;0;0;0;0;0;0;0;0
Fritidshuse;6270 Tønder;0;0;0;0;0;0;0;0
Fritidshuse;6280 Højer;0;0;0;0;0;0;0;0
Fritidshuse;6300 Gråsten;0;0;0;0;0;0;0;0
Fritidshuse;6310 Broager;0;0;0;0;27.795;0;0;0
Fritidshuse;6320 Egernsund;0;0;0;0;0;0;0;0
Fritidshuse;6330 Padborg;0;0;0;0;0;0;0;0
Fritidshuse;6340 Kruså;0;0;0;0;0;0;0;0
Fritidshuse;6360 Tinglev;0;0;0;0;0;0;0;0
Fritidshuse;6372 Bylderup-Bov;0;0;0;0;0;0;0;0
Fritidshuse;6392 Bolderslev;0;0;0;0;0;0;0;0
Fritidshuse;6400 Sønderborg;0;0;0;0;0;0;0;0
Fritidshuse;6430 Nordborg;0;0;0;0;0;0;0;0
Fritidshuse;6440 Augustenborg;0;0;0;0;0;0;0;0
Fritidshuse;6470 Sydals;0;0;0;0;0;0;12.643;12.495
Fritidshuse;6500 Vojens;0;0;0;0;0;0;0;0
Fritidshuse;6510 Gram;0;0;0;0;0;0;0;0
Fritidshuse;6520 Toftlund;0;0;0;0;0;0;0;0
Fritidshuse;6534 Agerskov;0;0;0;0;0;0;0;0
Fritidshuse;6535 Branderup J;0;0;0;0;0;0;0;0
Fritidshuse;6541 Bevtoft;0;0;0;0;0;0;0;0
Fritidshuse;6560 Sommersted;0;0;0;0;0;0;0;0
Fritidshuse;6580 Vamdrup;0;0;0;0;0;0;0;0
Fritidshuse;6600 Vejen;0;0;0;0;0;0;0;0
Fritidshuse;6621 Gesten;0;0;0;0;0;0;0;0
Fritidshuse;6622 Bække;0;0;0;0;0;0;0;0
Fritidshuse;6623 Vorbasse;0;0;0;0;0;0;0;0
Fritidshuse;6630 Rødding;0;0;0;0;0;0;0;0
Fritidshuse;6640 Lunderskov;0;0;0;0;0;0;0;0
Fritidshuse;6650 Brørup;0;0;0;0;0;0;0;0
Fritidshuse;6660 Lintrup;0;0;0;0;0;0;0;0
Fritidshuse;6670 Holsted;0;0;0;0;0;0;0;0
Fritidshuse;6682 Hovborg;0;0;0;0;0;0;0;0
Fritidshuse;6683 Føvling;0;0;0;0;0;0;0;0
Fritidshuse;6690 Gørding;0;0;0;0;0;0;0;0
Fritidshuse;6700 Esbjerg;0;0;0;0;0;0;0;0
Fritidshuse;6705 Esbjerg Ø;0;0;0;0;0;0;0;0
Fritidshuse;6710 Esbjerg V;0;0;0;0;0;0;0;0
Fritidshuse;6715 Esbjerg N;0;0;0;0;0;0;0;0
Fritidshuse;6720 Fanø;20.135;20.165;22.533;21.077;19.933;19.794;23.197;20.484
Fritidshuse;6731 Tjæreborg;0;0;0;0;0;0;0;0
Fritidshuse;6740 Bramming;0;0;0;0;0;0;0;0
Fritidshuse;6752 Glejbjerg;0;0;0;0;0;0;0;0
Fritidshuse;6753 Agerbæk;0;0;0;0;0;0;0;0
Fritidshuse;6760 Ribe;0;0;0;0;0;0;0;0
Fritidshuse;6771 Gredstedbro;0;0;0;0;0;0;0;0
Fritidshuse;6780 Skærbæk;0;0;0;0;0;0;0;0
Fritidshuse;6792 Rømø;17.247;16.879;0;0;16.522;14.791;14.821;14.938
Fritidshuse;6800 Varde;0;0;0;0;0;0;0;0
Fritidshuse;6818 Årre;0;0;0;0;0;0;0;0
Fritidshuse;6823 Ansager;0;0;0;0;0;0;0;0
Fritidshuse;6830 Nørre Nebel;13.476;16.338;14.751;12.988;14.270;14.973;13.723;15.190
Fritidshuse;6840 Oksbøl;11.114;14.127;11.896;11.807;12.576;0;0;0
Fritidshuse;6851 Janderup Vestj;0;0;0;0;0;0;0;0
Fritidshuse;6852 Billum;0;0;0;0;0;0;0;0
Fritidshuse;6853 Vejers Strand;0;0;0;19.881;0;0;0;0
Fritidshuse;6854 Henne;22.452;23.497;21.094;27.747;26.230;0;0;28.293
Fritidshuse;6855 Outrup;0;0;0;0;0;0;0;0
Fritidshuse;6857 Blåvand;20.167;20.467;18.603;20.474;20.015;18.329;20.630;21.293
Fritidshuse;6862 Tistrup;0;0;0;0;0;0;0;0
Fritidshuse;6870 Ølgod;0;0;0;0;0;0;0;0
Fritidshuse;6880 Tarm;0;0;0;10.922;0;0;0;0
Fritidshuse;6893 Hemmet;13.339;11.821;12.533;13.078;12.807;12.468;12.460;12.459
Fritidshuse;6900 Skjern;0;0;0;0;0;0;0;0
Fritidshuse;6920 Videbæk;0;0;0;0;0;0;0;0
Fritidshuse;6933 Kibæk;0;0;0;0;0;0;0;0
Fritidshuse;6940 Lem St;0;0;0;0;0;0;0;0
Fritidshuse;6950 Ringkøbing;17.428;19.459;16.151;17.192;17.373;22.235;19.440;20.546
Fritidshuse;6960 Hvide Sande;18.483;14.447;16.085;16.927;17.253;15.912;16.074;15.169
Fritidshuse;6971 Spjald;0;0;0;0;0;0;0;0
Fritidshuse;6973 Ørnhøj;0;0;0;0;0;0;0;0
Fritidshuse;6980 Tim;0;0;0;0;0;0;0;0
Fritidshuse;6990 Ulfborg;12.221;14.039;12.517;13.291;16.273;13.587;12.699;12.855
Fritidshuse;7000 Fredericia;0;0;0;0;0;0;0;0
Fritidshuse;7007 Fredericia;0;0;0;0;0;0;0;0
Fritidshuse;7080 Børkop;31.458;24.674;21.447;21.862;18.585;0;0;0
Fritidshuse;7100 Vejle;0;0;0;0;0;0;0;0
Fritidshuse;7120 Vejle Øst;0;0;0;0;0;0;0;0
Fritidshuse;7130 Juelsminde;15.889;14.896;22.910;19.677;17.881;14.524;23.951;18.078
Fritidshuse;7140 Stouby;0;0;0;0;0;0;0;0
Fritidshuse;7150 Barrit;0;0;0;0;0;0;0;0
Fritidshuse;7160 Tørring;0;0;0;0;0;0;0;0
Fritidshuse;7171 Uldum;0;0;0;0;0;0;0;0
Fritidshuse;7173 Vonge;0;0;0;0;0;0;0;0
Fritidshuse;7182 Bredsten;0;0;0;0;0;0;0;0
Fritidshuse;7183 Randbøl;0;0;0;0;0;0;0;0
Fritidshuse;7184 Vandel;0;0;0;0;0;0;0;0
Fritidshuse;7190 Billund;0;0;0;0;0;0;0;0
Fritidshuse;7200 Grindsted;0;0;0;0;0;0;0;0
Fritidshuse;7250 Hejnsvig;0;0;0;0;0;0;0;0
Fritidshuse;7260 Sønder Omme;0;0;0;0;0;0;0;0
Fritidshuse;7270 Stakroge;0;0;0;0;0;0;0;0
Fritidshuse;7280 Sønder Felding;0;0;0;0;0;0;0;0
Fritidshuse;7300 Jelling;0;0;0;0;0;0;0;0
Fritidshuse;7321 Gadbjerg;0;0;0;0;0;0;0;0
Fritidshuse;7323 Give;0;0;0;0;0;0;0;0
Fritidshuse;7330 Brande;0;0;0;0;0;0;0;0
Fritidshuse;7361 Ejstrupholm;0;0;0;0;0;0;0;0
Fritidshuse;7362 Hampen;0;0;0;0;0;0;0;0
Fritidshuse;7400 Herning;0;0;0;0;0;0;0;0
Fritidshuse;7430 Ikast;0;0;0;0;0;0;0;0
Fritidshuse;7441 Bording;0;0;0;0;0;0;0;0
Fritidshuse;7442 Engesvang;0;0;0;0;0;0;0;0
Fritidshuse;7451 Sunds;0;0;0;0;0;0;0;0
Fritidshuse;7470 Karup J;0;0;0;0;0;0;0;0
Fritidshuse;7480 Vildbjerg;0;0;0;0;0;0;0;0
Fritidshuse;7490 Aulum;0;0;0;0;0;0;0;0
Fritidshuse;7500 Holstebro;0;0;0;0;0;0;0;0
Fritidshuse;7540 Haderup;0;0;0;0;0;0;0;0
Fritidshuse;7550 Sørvad;0;0;0;0;0;0;0;0
Fritidshuse;7560 Hjerm;0;0;0;0;0;0;0;0
Fritidshuse;7570 Vemb;0;0;0;0;0;0;0;0
Fritidshuse;7600 Struer;0;0;0;0;0;0;0;0
Fritidshuse;7620 Lemvig;0;0;0;0;0;0;0;0
Fritidshuse;7650 Bøvlingbjerg;0;0;0;0;0;0;0;0
Fritidshuse;7660 Bækmarksbro;0;0;0;0;0;0;0;0
Fritidshuse;7673 Harboøre;0;0;0;0;0;0;0;11.494
Fritidshuse;7680 Thyborøn;0;0;0;0;0;0;0;0
Fritidshuse;7700 Thisted;13.206;11.514;13.399;11.745;14.727;13.787;15.291;11.293
Fritidshuse;7730 Hanstholm;0;0;0;0;0;0;0;0
Fritidshuse;7741 Frøstrup;0;0;0;0;0;0;0;0
Fritidshuse;7742 Vesløs;0;0;0;0;0;0;0;0
Fritidshuse;7752 Snedsted;0;0;0;0;0;0;0;0
Fritidshuse;7755 Bedsted Thy;0;0;0;0;0;0;0;0
Fritidshuse;7760 Hurup Thy;0;0;0;12.327;0;0;0;0
Fritidshuse;7770 Vestervig;0;0;0;0;0;0;0;0
Fritidshuse;7790 Thyholm;0;0;0;0;0;0;0;0
Fritidshuse;7800 Skive;0;0;0;0;0;0;0;0
Fritidshuse;7830 Vinderup;0;0;0;0;0;0;0;0
Fritidshuse;7840 Højslev;0;0;0;10.882;0;0;0;0
Fritidshuse;7850 Stoholm Jyll;0;0;0;0;0;0;0;0
Fritidshuse;7860 Spøttrup;0;0;0;0;0;0;0;10.615
Fritidshuse;7870 Roslev;0;0;0;10.951;0;0;0;0
Fritidshuse;7884 Fur;0;0;0;0;0;0;0;0
Fritidshuse;7900 Nykøbing M;0;0;0;0;0;0;0;0
Fritidshuse;7950 Erslev;0;0;0;0;0;0;0;0
Fritidshuse;7960 Karby;0;0;0;0;0;0;0;0
Fritidshuse;7970 Redsted M;0;0;0;0;0;0;0;0
Fritidshuse;7980 Vils;0;0;0;0;0;0;0;0
Fritidshuse;7990 Øster Assels;0;0;0;0;0;0;0;0
Fritidshuse;8000 Århus C;0;0;0;0;0;0;0;0
Fritidshuse;8200 Århus N;0;0;0;0;0;0;0;0
Fritidshuse;8210 Århus V;0;0;0;0;0;0;0;0
Fritidshuse;8220 Brabrand;0;0;0;0;0;0;0;0
Fritidshuse;8230 Åbyhøj;0;0;0;0;0;0;0;0
Fritidshuse;8240 Risskov;0;0;0;0;0;0;0;0
Fritidshuse;8245 Risskov Ø;0;0;0;0;0;0;0;0
Fritidshuse;8250 Egå;0;0;0;23.730;45.756;0;0;21.069
Fritidshuse;8260 Viby J;0;0;0;0;0;0;0;0
Fritidshuse;8270 Højbjerg;0;0;0;0;0;0;0;0
Fritidshuse;8300 Odder;32.742;21.440;22.528;21.423;23.039;0;0;19.473
Fritidshuse;8305 Samsø;0;0;0;0;0;0;0;0
Fritidshuse;8310 Tranbjerg J;0;0;0;0;0;0;0;0
Fritidshuse;8320 Mårslet;0;0;0;0;0;0;0;0
Fritidshuse;8330 Beder;0;0;0;0;0;0;0;0
Fritidshuse;8340 Malling;0;0;0;0;0;0;0;0
Fritidshuse;8350 Hundslund;0;0;0;0;0;0;0;0
Fritidshuse;8355 Solbjerg;0;0;0;0;0;0;0;0
Fritidshuse;8361 Hasselager;0;0;0;0;0;0;0;0
Fritidshuse;8362 Hørning;0;0;0;0;0;0;0;0
Fritidshuse;8370 Hadsten;0;0;0;0;0;0;0;0
Fritidshuse;8380 Trige;0;0;0;0;0;0;0;0
Fritidshuse;8381 Tilst;0;0;0;0;0;0;0;0
Fritidshuse;8382 Hinnerup;0;0;0;0;0;0;0;0
Fritidshuse;8400 Ebeltoft;16.983;14.808;16.941;18.021;15.291;16.288;15.980;14.840
Fritidshuse;8410 Rønde;0;0;0;16.701;0;0;0;0
Fritidshuse;8420 Knebel;14.599;14.944;17.197;17.801;24.028;19.777;12.835;17.271
Fritidshuse;8444 Balle;0;0;0;0;0;0;0;0
Fritidshuse;8450 Hammel;0;0;0;0;0;0;0;0
Fritidshuse;8462 Harlev J;0;0;0;0;0;0;0;0
Fritidshuse;8464 Galten;0;0;0;0;0;0;0;0
Fritidshuse;8471 Sabro;0;0;0;0;0;0;0;0
Fritidshuse;8472 Sporup;0;0;0;0;0;0;0;0
Fritidshuse;8500 Grenaa;14.934;14.071;15.262;31.944;0;0;0;0
Fritidshuse;8520 Lystrup;0;0;0;0;0;0;0;0
Fritidshuse;8530 Hjortshøj;0;0;0;0;0;0;0;0
Fritidshuse;8541 Skødstrup;0;0;0;0;0;0;0;0
Fritidshuse;8543 Hornslet;0;0;0;0;0;0;0;0
Fritidshuse;8544 Mørke;0;0;0;0;0;0;0;0
Fritidshuse;8550 Ryomgård;0;0;0;0;0;0;0;0
Fritidshuse;8560 Kolind;0;0;0;0;0;0;0;0
Fritidshuse;8570 Trustrup;0;0;0;0;0;0;0;0
Fritidshuse;8581 Nimtofte;0;0;0;0;0;0;0;0
Fritidshuse;8585 Glesborg;15.050;14.885;14.697;15.274;16.969;15.061;15.983;14.293
Fritidshuse;8586 Ørum Djurs;0;0;0;0;0;0;0;0
Fritidshuse;8592 Anholt;0;0;0;0;0;0;0;0
Fritidshuse;8600 Silkeborg;0;0;0;0;0;0;0;0
Fritidshuse;8620 Kjellerup;0;0;0;0;0;0;0;0
Fritidshuse;8632 Lemming;0;0;0;0;0;0;0;0
Fritidshuse;8641 Sorring;0;0;0;0;0;0;0;0
Fritidshuse;8643 Ans By;0;0;0;0;0;0;0;0
Fritidshuse;8653 Them;0;0;0;0;0;0;0;0
Fritidshuse;8654 Bryrup;0;0;0;0;0;0;0;0
Fritidshuse;8660 Skanderborg;0;0;0;0;0;0;0;0
Fritidshuse;8670 Låsby;0;0;0;0;0;0;0;0
Fritidshuse;8680 Ry;0;0;0;0;0;0;0;0
Fritidshuse;8700 Horsens;0;0;0;0;0;0;0;0
Fritidshuse;8721 Daugård;0;0;0;0;0;0;0;0
Fritidshuse;8722 Hedensted;0;0;0;0;0;0;0;0
Fritidshuse;8723 Løsning;0;0;0;0;0;0;0;0
Fritidshuse;8732 Hovedgård;0;0;0;0;0;0;0;0
Fritidshuse;8740 Brædstrup;0;0;0;0;0;0;0;0
Fritidshuse;8751 Gedved;0;0;0;0;0;0;0;0
Fritidshuse;8752 Østbirk;0;0;0;0;0;0;0;0
Fritidshuse;8762 Flemming;0;0;0;0;0;0;0;0
Fritidshuse;8763 Rask Mølle;0;0;0;0;0;0;0;0
Fritidshuse;8765 Klovborg;0;0;0;0;0;0;0;0
Fritidshuse;8766 Nørre Snede;0;0;0;0;0;0;0;0
Fritidshuse;8781 Stenderup;0;0;0;0;0;0;0;0
Fritidshuse;8783 Hornsyld;0;0;0;0;0;0;0;0
Fritidshuse;8800 Viborg;0;0;0;0;0;0;0;0
Fritidshuse;8830 Tjele;0;0;0;0;0;0;0;0
Fritidshuse;8831 Løgstrup;0;0;0;0;0;0;0;0
Fritidshuse;8832 Skals;0;0;0;0;0;0;0;0
Fritidshuse;8840 Rødkærsbro;0;0;0;0;0;0;0;0
Fritidshuse;8850 Bjerringbro;0;0;0;0;0;0;0;0
Fritidshuse;8860 Ulstrup;0;0;0;0;0;0;0;0
Fritidshuse;8870 Langå;0;0;0;0;0;0;0;0
Fritidshuse;8881 Thorsø;0;0;0;0;0;0;0;0
Fritidshuse;8882 Fårvang;0;0;0;0;0;0;0;0
Fritidshuse;8883 Gjern;0;0;0;0;0;0;0;0
Fritidshuse;8900 Randers C;0;0;0;0;0;0;0;0
Fritidshuse;8920 Randers NV;0;0;0;0;0;0;0;0
Fritidshuse;8930 Randers NØ;0;0;0;0;0;0;0;0
Fritidshuse;8940 Randers SV;0;0;0;0;0;0;0;0
Fritidshuse;8950 Ørsted;0;0;0;0;0;0;0;0
Fritidshuse;8960 Randers SØ;0;0;0;0;0;0;0;0
Fritidshuse;8961 Allingåbro;0;0;0;0;0;0;0;0
Fritidshuse;8963 Auning;0;0;0;0;0;0;0;0
Fritidshuse;8970 Havndal;0;0;0;0;0;0;0;0
Fritidshuse;8981 Spentrup;0;0;0;0;0;0;0;0
Fritidshuse;8983 Gjerlev J;0;0;0;0;0;0;0;0
Fritidshuse;8990 Fårup;0;0;0;0;0;0;0;0
Fritidshuse;9000 Aalborg;0;0;0;0;0;0;0;0
Fritidshuse;9200 Aalborg SV;0;0;0;0;0;0;0;0
Fritidshuse;9210 Aalborg SØ;0;0;0;0;0;0;0;0
Fritidshuse;9220 Aalborg Øst;0;0;0;0;0;0;0;0
Fritidshuse;9230 Svenstrup J;0;0;0;0;0;0;0;0
Fritidshuse;9240 Nibe;0;0;0;0;0;0;0;0
Fritidshuse;9260 Gistrup;0;0;0;0;0;0;0;0
Fritidshuse;9270 Klarup;0;0;0;0;0;0;0;0
Fritidshuse;9280 Storvorde;0;0;0;0;0;0;9.422;8.604
Fritidshuse;9293 Kongerslev;0;0;0;0;0;0;0;0
Fritidshuse;9300 Sæby;0;12.072;13.224;15.971;14.439;0;0;12.539
Fritidshuse;9310 Vodskov;0;0;0;0;0;0;0;0
Fritidshuse;9320 Hjallerup;0;0;0;0;0;0;0;0
Fritidshuse;9330 Dronninglund;0;0;0;0;0;0;0;0
Fritidshuse;9340 Asaa;0;0;0;0;0;0;0;0
Fritidshuse;9352 Dybvad;0;0;0;0;0;0;0;0
Fritidshuse;9362 Gandrup;0;0;0;0;0;0;0;0
Fritidshuse;9370 Hals;12.992;11.943;11.424;10.626;11.034;10.916;10.491;10.444
Fritidshuse;9380 Vestbjerg;0;0;0;0;0;0;0;0
Fritidshuse;9381 Sulsted;0;0;0;0;0;0;0;0
Fritidshuse;9382 Tylstrup;0;0;0;0;0;0;0;0
Fritidshuse;9400 Nørresundby;0;0;0;0;0;0;0;0
Fritidshuse;9430 Vadum;0;0;0;0;0;0;0;0
Fritidshuse;9440 Aabybro;0;0;0;0;0;0;0;0
Fritidshuse;9460 Brovst;0;0;0;0;0;0;0;0
Fritidshuse;9480 Løkken;16.150;19.650;16.942;18.122;16.543;15.126;16.534;15.112
Fritidshuse;9490 Pandrup;0;0;0;0;0;0;0;0
Fritidshuse;9492 Blokhus;20.595;19.605;18.343;17.065;17.791;15.479;17.289;18.784
Fritidshuse;9493 Saltum;21.847;0;0;17.916;0;0;0;17.470
Fritidshuse;9500 Hobro;0;0;0;0;0;0;0;0
Fritidshuse;9510 Arden;0;0;0;0;0;0;0;0
Fritidshuse;9520 Skørping;0;0;0;0;0;0;0;0
Fritidshuse;9530 Støvring;0;0;0;0;0;0;0;0
Fritidshuse;9541 Suldrup;0;0;0;0;0;0;0;0
Fritidshuse;9550 Mariager;0;0;0;0;0;0;0;0
Fritidshuse;9560 Hadsund;15.575;11.409;12.283;12.817;11.575;12.155;12.614;10.472
Fritidshuse;9574 Bælum;0;0;0;0;0;0;0;0
Fritidshuse;9575 Terndrup;0;0;0;0;0;0;0;0
Fritidshuse;9600 Aars;0;0;0;0;0;0;0;0
Fritidshuse;9610 Nørager;0;0;0;0;0;0;0;0
Fritidshuse;9620 Aalestrup;0;0;0;0;0;0;0;0
Fritidshuse;9631 Gedsted;0;0;0;0;0;0;0;0
Fritidshuse;9632 Møldrup;0;0;0;0;0;0;0;0
Fritidshuse;9640 Farsø;10.760;0;0;11.587;0;0;10.440;10.124
Fritidshuse;9670 Løgstør;10.111;11.492;12.455;12.811;0;0;0;9.171
Fritidshuse;9681 Ranum;0;0;0;0;0;0;0;0
Fritidshuse;9690 Fjerritslev;15.064;0;0;22.959;12.621;0;0;0
Fritidshuse;9700 Brønderslev;0;0;0;0;0;0;0;0
Fritidshuse;9740 Jerslev J;0;0;0;0;0;0;0;0
Fritidshuse;9750 Østervrå;0;0;0;0;0;0;0;0
Fritidshuse;9760 Vrå;0;0;0;0;0;0;0;0
Fritidshuse;9800 Hjørring;20.939;21.735;17.834;18.248;22.680;0;0;0
Fritidshuse;9830 Tårs;0;0;0;0;0;0;0;0
Fritidshuse;9850 Hirtshals;0;0;0;0;0;0;0;0
Fritidshuse;9870 Sindal;0;0;0;0;0;0;0;0
Fritidshuse;9881 Bindslev;0;0;0;19.694;0;0;0;0
Fritidshuse;9900 Frederikshavn;0;0;0;0;0;0;0;0
Fritidshuse;9940 Læsø;0;0;0;0;0;0;0;0
Fritidshuse;9970 Strandby;0;0;0;0;0;0;0;0
Fritidshuse;9981 Jerup;0;0;0;0;0;0;0;0
Fritidshuse;9982 Ålbæk;0;0;0;0;0;0;0;0
Fritidshuse;9990 Skagen;0;0;0;0;0;0;31.464;32.505
